,symbol
0,AAIT
1,AAL
2,AAME
3,AAOI
4,AAON
5,AAPL
6,AAVL
7,AAWW
8,AAXJ
9,ABAC
10,ABAX
11,ABCB
12,ABCD
13,ABCO
14,ABCW
15,ABDC
16,ABGB
17,ABIO
18,ABMD
19,ABTL
20,ABY
21,ACAD
22,ACAS
23,ACAT
24,ACET
25,ACFC
26,ACFN
27,ACGL
28,ACHC
29,ACHN
30,ACIW
31,ACLS
32,ACNB
33,ACOR
34,ACPW
35,ACRX
36,ACSF
37,ACST
38,ACTA
39,ACTG
40,ACTS
41,ACUR
42,ACWI
43,ACWX
44,ACXM
45,ADAT
46,ADBE
47,ADEP
48,ADES
49,ADHD
50,ADI
51,ADMA
52,ADMP
53,ADMS
54,ADNC
55,ADP
56,ADRA
57,ADRD
58,ADRE
59,ADRU
60,ADSK
61,ADTN
62,ADUS
63,ADVS
64,ADXS
65,ADXSW
66,AEGN
67,AEGR
68,AEHR
69,AEIS
70,AEPI
71,AERI
72,AETI
73,AEY
74,AEZS
75,AFAM
76,AFCB
77,AFFX
78,AFH
79,AFMD
80,AFOP
81,AFSI
82,AGEN
83,AGII
84,AGIIL
85,AGIO
86,AGNC
87,AGNCB
88,AGNCP
89,AGND
90,AGRX
91,AGTC
92,AGYS
93,AGZD
94,AHGP
95,AHPI
96,AIMC
97,AINV
98,AIQ
99,AIRM
100,AIRR
101,AIRT
102,AIXG
103,AKAM
104,AKAO
105,AKBA
106,AKER
107,AKRX
108,ALCO
109,ALDR
110,ALDX
111,ALGN
112,ALGT
113,ALIM
114,ALKS
115,ALLB
116,ALLT
117,ALNY
118,ALOG
119,ALOT
120,ALQA
121,ALSK
122,ALTR
123,ALXA
124,ALXN
125,AMAG
126,AMAT
127,AMBA
128,AMBC
129,AMBCW
130,AMCC
131,AMCF
132,AMCN
133,AMCX
134,AMD
135,AMDA
136,AMED
137,AMGN
138,AMIC
139,AMKR
140,AMNB
141,AMOT
142,AMOV
143,AMPH
144,AMRB
145,AMRI
146,AMRK
147,AMRN
148,AMRS
149,AMSC
150,AMSF
151,AMSG
152,AMSGP
153,AMSWA
154,AMTX
155,AMWD
156,AMZN
157,ANAC
158,ANAD
159,ANAT
160,ANCB
161,ANCI
162,ANCX
163,ANDE
164,ANGI
165,ANGO
166,ANIK
167,ANIP
168,ANSS
169,ANTH
170,ANY
171,AOSL
172,APAGF
173,APDN
174,APDNW
175,APEI
176,APOG
177,APOL
178,APPY
179,APRI
180,APSA
181,APTO
182,APWC
183,AQXP
184,ARAY
185,ARCB
186,ARCC
187,ARCI
188,ARCP
189,ARCPP
190,ARCW
191,ARDM
192,ARDX
193,AREX
194,ARGS
195,ARIA
196,ARII
197,ARIS
198,ARKR
199,ARLP
200,ARMH
201,ARNA
202,AROW
203,ARQL
204,ARRS
205,ARRY
206,ARTNA
207,ARTW
208,ARTX
209,ARUN
210,ARWR
211,ASBB
212,ASBI
213,ASCMA
214,ASEI
215,ASFI
216,ASMB
217,ASMI
218,ASML
219,ASNA
220,ASPS
221,ASPX
222,ASRV
223,ASRVP
224,ASTC
225,ASTE
226,ASTI
227,ASUR
228,ASYS
229,ATAI
230,ATAX
231,ATEA
232,ATEC
233,ATHN
234,ATHX
235,ATLC
236,ATLO
237,ATML
238,ATNI
239,ATNY
240,ATOS
241,ATRA
242,ATRC
243,ATRI
244,ATRM
245,ATRO
246,ATRS
247,ATSG
248,ATTU
249,ATVI
250,AUBN
251,AUDC
252,AUMA
253,AUMAU
254,AUMAW
255,AUPH
256,AUXL
257,AVAV
258,AVEO
259,AVGO
260,AVHI
261,AVID
262,AVNR
263,AVNW
264,AWAY
265,AWRE
266,AXAS
267,AXDX
268,AXGN
269,AXJS
270,AXPW
271,AXPWW
272,AXTI
273,AZPN
274,BABY
275,BAGR
276,BAMM
277,BANF
278,BANFP
279,BANR
280,BANX
281,BASI
282,BBBY
283,BBC
284,BBCN
285,BBEP
286,BBEPP
287,BBGI
288,BBLU
289,BBNK
290,BBOX
291,BBP
292,BBRG
293,BBRY
294,BBSI
295,BCBP
296,BCLI
297,BCOM
298,BCOR
299,BCOV
300,BCPC
301,BCRX
302,BDBD
303,BDCV
304,BDE
305,BDGE
306,BDMS
307,BDSI
308,BEAT
309,BEAV
310,BEBE
311,BECN
312,BELFA
313,BELFB
314,BFIN
315,BGCP
316,BGFV
317,BGMD
318,BHBK
319,BIB
320,BICK
321,BIDU
322,BIIB
323,BIND
324,BIOC
325,BIOD
326,BIOL
327,BIOS
328,BIRT
329,BIS
330,BJRI
331,BKCC
332,BKEP
333,BKEPP
334,BKMU
335,BKSC
336,BKYF
337,BLCM
338,BLDP
339,BLDR
340,BLFS
341,BLIN
342,BLKB
343,BLMN
344,BLMT
345,BLRX
346,BLUE
347,BLVD
348,BLVDU
349,BLVDW
350,BMRC
351,BMRN
352,BMTC
353,BNCL
354,BNCN
355,BNDX
356,BNFT
357,BNSO
358,BOBE
359,BOCH
360,BOFI
361,BOKF
362,BONA
363,BONT
364,BOOM
365,BOSC
366,BOTA
367,BOTJ
368,BPFH
369,BPFHP
370,BPFHW
371,BPOP
372,BPOPM
373,BPOPN
374,BPTH
375,BRCD
376,BRCM
377,BRDR
378,BREW
379,BRID
380,BRKL
381,BRKR
382,BRKS
383,BRLI
384,BSDM
385,BSET
386,BSF
387,BSFT
388,BSPM
389,BSQR
390,BSRR
391,BSTC
392,BTUI
393,BUR
394,BUSE
395,BV
396,BVA
397,BVSN
398,BWEN
399,BWFG
400,BWINA
401,BWINB
402,BWLD
403,BYBK
404,BYFC
405,BYLK
406,CA
407,CAAS
408,CAC
409,CACB
410,CACC
411,CACG
412,CACGU
413,CACGW
414,CACH
415,CACQ
416,CADC
417,CADT
418,CADTR
419,CADTU
420,CADTW
421,CAKE
422,CALA
423,CALD
424,CALI
425,CALL
426,CALM
427,CAMB
428,CAMBU
429,CAMBW
430,CAMP
431,CAMT
432,CAPN
433,CAPNW
434,CAR
435,CARA
436,CARB
437,CARO
438,CART
439,CARV
440,CARZ
441,CASH
442,CASI
443,CASM
444,CASS
445,CASY
446,CATM
447,CATY
448,CATYW
449,CAVM
450,CBAK
451,CBAN
452,CBAY
453,CBDE
454,CBF
455,CBFV
456,CBIN
457,CBLI
458,CBMG
459,CBMX
460,CBNJ
461,CBNK
462,CBOE
463,CBPO
464,CBRL
465,CBRX
466,CBSH
467,CBSHP
468,CBST
469,CBSTZ
470,CCBG
471,CCCL
472,CCCR
473,CCIH
474,CCLP
475,CCMP
476,CCNE
477,CCOI
478,CCRN
479,CCUR
480,CCXI
481,CDC
482,CDK
483,CDNA
484,CDNS
485,CDTI
486,CDW
487,CDXS
488,CDZI
489,CECE
490,CECO
491,CELG
492,CELGZ
493,CEMI
494,CEMP
495,CENT
496,CENTA
497,CENX
498,CERE
499,CERN
500,CERS
501,CERU
502,CETV
503,CEVA
504,CFA
505,CFBK
506,CFFI
507,CFFN
508,CFGE
509,CFNB
510,CFNL
511,CFO
512,CFRX
513,CFRXW
514,CFRXZ
515,CG
516,CGEN
517,CGIX
518,CGNX
519,CGO
520,CHCI
521,CHCO
522,CHDN
523,CHEF
524,CHEV
525,CHFC
526,CHFN
527,CHI
528,CHKE
529,CHKP
530,CHLN
531,CHMG
532,CHNR
533,CHOP
534,CHRS
535,CHRW
536,CHSCM
537,CHSCN
538,CHSCO
539,CHSCP
540,CHTR
541,CHUY
542,CHW
543,CHXF
544,CHY
545,CHYR
546,CIDM
547,CIFC
548,CIMT
549,CINF
550,CISAW
551,CISG
552,CIZ
553,CIZN
554,CJJD
555,CKEC
556,CKSW
557,CLAC
558,CLACU
559,CLACW
560,CLBH
561,CLCT
562,CLDN
563,CLDX
564,CLFD
565,CLIR
566,CLMS
567,CLMT
568,CLNE
569,CLNT
570,CLRB
571,CLRBW
572,CLRO
573,CLRX
574,CLSN
575,CLTX
576,CLUB
577,CLVS
578,CLWT
579,CMCO
580,CMCSA
581,CMCSK
582,CMCT
583,CME
584,CMFN
585,CMGE
586,CMLS
587,CMPR
588,CMRX
589,CMSB
590,CMTL
591,CNAT
592,CNBKA
593,CNCE
594,CNDO
595,CNET
596,CNIT
597,CNLM
598,CNLMR
599,CNLMU
600,CNLMW
601,CNMD
602,CNOB
603,CNSI
604,CNSL
605,CNTF
606,CNTY
607,CNV
608,CNXR
609,CNYD
610,COB
611,COBK
612,COBZ
613,COCO
614,COHR
615,COHU
616,COKE
617,COLB
618,COLM
619,COMM
620,COMT
621,CONE
622,CONN
623,COOL
624,CORE
625,CORI
626,CORT
627,COSI
628,COST
629,COVS
630,COWN
631,COWNL
632,CPAH
633,CPGI
634,CPHC
635,CPHD
636,CPHR
637,CPIX
638,CPLA
639,CPLP
640,CPRT
641,CPRX
642,CPSI
643,CPSS
644,CPST
645,CPTA
646,CPXX
647,CRAI
648,CRAY
649,CRDC
650,CRDS
651,CRDT
652,CREE
653,CREG
654,CRESW
655,CRESY
656,CRIS
657,CRME
658,CRMT
659,CRNT
660,CROX
661,CRRC
662,CRRS
663,CRTN
664,CRTO
665,CRUS
666,CRVL
667,CRWN
668,CRWS
669,CRZO
670,CSBK
671,CSCD
672,CSCO
673,CSF
674,CSFL
675,CSGP
676,CSGS
677,CSII
678,CSIQ
679,CSOD
680,CSPI
681,CSQ
682,CSRE
683,CSTE
684,CSUN
685,CSWC
686,CTAS
687,CTBI
688,CTCM
689,CTCT
690,CTG
691,CTHR
692,CTIB
693,CTIC
694,CTRE
695,CTRL
696,CTRN
697,CTRP
698,CTRX
699,CTSH
700,CTSO
701,CTWS
702,CTXS
703,CU
704,CUBA
705,CUI
706,CUNB
707,CUTR
708,CVBF
709,CVCO
710,CVCY
711,CVGI
712,CVGW
713,CVLT
714,CVLY
715,CVTI
716,CVV
717,CWAY
718,CWBC
719,CWCO
720,CWST
721,CXDC
722,CY
723,CYAN
724,CYBE
725,CYBR
726,CYBX
727,CYCC
728,CYCCP
729,CYHHZ
730,CYNO
731,CYOU
732,CYRN
733,CYTK
734,CYTR
735,CYTX
736,CZFC
737,CZNC
738,CZR
739,CZWI
740,DAEG
741,DAIO
742,DAKT
743,DARA
744,DATE
745,DAVE
746,DAX
747,DBVT
748,DCIX
749,DCOM
750,DCTH
751,DENN
752,DEPO
753,DERM
754,DEST
755,DFRG
756,DFVL
757,DFVS
758,DGAS
759,DGICA
760,DGICB
761,DGII
762,DGLD
763,DGLY
764,DGRE
765,DGRS
766,DGRW
767,DHIL
768,DHRM
769,DIOD
770,DISCA
771,DISCB
772,DISCK
773,DISH
774,DJCO
775,DLBL
776,DLBS
777,DLHC
778,DLTR
779,DMLP
780,DMND
781,DMRC
782,DNBF
783,DNKN
784,DORM
785,DOVR
786,DOX
787,DPRX
788,DRAD
789,DRAM
790,DRIV
791,DRNA
792,DRRX
793,DRWI
794,DRWIW
795,DRYS
796,DSCI
797,DSCO
798,DSGX
799,DSKX
800,DSKY
801,DSLV
802,DSPG
803,DSWL
804,DTLK
805,DTSI
806,DTUL
807,DTUS
808,DTV
809,DTYL
810,DTYS
811,DVAX
812,DVCR
813,DWA
814,DWAT
815,DWCH
816,DWSN
817,DXCM
818,DXGE
819,DXJS
820,DXKW
821,DXLG
822,DXM
823,DXPE
824,DXPS
825,DXYN
826,DYAX
827,DYNT
828,DYSL
829,EA
830,EAC
831,EARS
832,EBAY
833,EBIO
834,EBIX
835,EBMT
836,EBSB
837,EBTC
838,ECHO
839,ECOL
840,ECPG
841,ECTE
842,ECYT
843,EDAP
844,EDGW
845,EDS
846,EDUC
847,EEFT
848,EEI
849,EEMA
850,EEME
851,EEML
852,EFII
853,EFOI
854,EFSC
855,EFUT
856,EGAN
857,EGBN
858,EGHT
859,EGLE
860,EGLT
861,EGOV
862,EGRW
863,EGRX
864,EGT
865,EHTH
866,EIGI
867,ELGX
868,ELNK
869,ELON
870,ELOS
871,ELRC
872,ELSE
873,ELTK
874,EMCB
875,EMCF
876,EMCG
877,EMCI
878,EMDI
879,EMEY
880,EMIF
881,EMITF
882,EMKR
883,EML
884,EMMS
885,EMMSP
886,ENDP
887,ENFC
888,ENG
889,ENOC
890,ENPH
891,ENSG
892,ENT
893,ENTA
894,ENTG
895,ENTR
896,ENVI
897,ENZN
898,ENZY
899,EOPN
900,EPAX
901,EPAY
902,EPIQ
903,EPRS
904,EPZM
905,EQIX
906,ERI
907,ERIC
908,ERIE
909,ERII
910,EROC
911,ERS
912,ERW
913,ESBF
914,ESBK
915,ESCA
916,ESCR
917,ESCRP
918,ESEA
919,ESGR
920,ESIO
921,ESLT
922,ESMC
923,ESPR
924,ESRX
925,ESSA
926,ESSX
927,ESXB
928,ESYS
929,ETFC
930,ETRM
931,EUFN
932,EVAL
933,EVAR
934,EVBS
935,EVEP
936,EVK
937,EVLV
938,EVOK
939,EVOL
940,EVRY
941,EWBC
942,EXA
943,EXAC
944,EXAS
945,EXEL
946,EXFO
947,EXLP
948,EXLS
949,EXPD
950,EXPE
951,EXPO
952,EXTR
953,EXXI
954,EYES
955,EZCH
956,EZPW
957,FALC
958,FANG
959,FARM
960,FARO
961,FAST
962,FATE
963,FB
964,FBIZ
965,FBMS
966,FBNC
967,FBNK
968,FBRC
969,FBSS
970,FCAP
971,FCBC
972,FCCO
973,FCCY
974,FCEL
975,FCFS
976,FCHI
977,FCLF
978,FCNCA
979,FCS
980,FCSC
981,FCTY
982,FCVA
983,FCZA
984,FCZAP
985,FDEF
986,FDIV
987,FDML
988,FDUS
989,FEIC
990,FEIM
991,FELE
992,FEMB
993,FES
994,FEUZ
995,FEYE
996,FFBC
997,FFBCW
998,FFHL
999,FFIC
1000,FFIN
1001,FFIV
1002,FFKT
1003,FFNM
1004,FFNW
1005,FFWM
1006,FGEN
1007,FHCO
1008,FIBK
1009,FINL
1010,FISH
1011,FISI
1012,FISV
1013,FITB
1014,FITBI
1015,FIVE
1016,FIVN
1017,FIZZ
1018,FLAT
1019,FLDM
1020,FLEX
1021,FLIC
1022,FLIR
1023,FLL
1024,FLML
1025,FLWS
1026,FLXN
1027,FLXS
1028,FMB
1029,FMBH
1030,FMBI
1031,FMER
1032,FMI
1033,FMNB
1034,FNBC
1035,FNFG
1036,FNGN
1037,FNHC
1038,FNJN
1039,FNLC
1040,FNRG
1041,FNSR
1042,FOLD
1043,FOMX
1044,FONE
1045,FONR
1046,FORD
1047,FORM
1048,FORR
1049,FORTY
1050,FOSL
1051,FOX
1052,FOXA
1053,FOXF
1054,FPRX
1055,FPXI
1056,FRAN
1057,FRBA
1058,FRBK
1059,FRED
1060,FREE
1061,FRGI
1062,FRME
1063,FRP
1064,FRPH
1065,FRPHV
1066,FRPT
1067,FRSH
1068,FSAM
1069,FSBK
1070,FSBW
1071,FSC
1072,FSCFL
1073,FSFG
1074,FSFR
1075,FSGI
1076,FSLR
1077,FSNN
1078,FSRV
1079,FSTR
1080,FSYS
1081,FTCS
1082,FTD
1083,FTEK
1084,FTGC
1085,FTHI
1086,FTLB
1087,FTNT
1088,FTR
1089,FTSL
1090,FTSM
1091,FUEL
1092,FULL
1093,FULLL
1094,FULT
1095,FUNC
1096,FUND
1097,FV
1098,FWM
1099,FWP
1100,FWRD
1101,FXCB
1102,FXEN
1103,FXENP
1104,GABC
1105,GAI
1106,GAIA
1107,GAIN
1108,GAINO
1109,GAINP
1110,GALE
1111,GALT
1112,GALTU
1113,GALTW
1114,GAME
1115,GARS
1116,GASS
1117,GBCI
1118,GBDC
1119,GBIM
1120,GBLI
1121,GBNK
1122,GBSN
1123,GCBC
1124,GCVRZ
1125,GDEF
1126,GENC
1127,GENE
1128,GEOS
1129,GERN
1130,GEVA
1131,GEVO
1132,GFED
1133,GFN
1134,GFNCP
1135,GFNSL
1136,GGAC
1137,GGACR
1138,GGACU
1139,GGACW
1140,GGAL
1141,GHDX
1142,GIFI
1143,GIGA
1144,GIGM
1145,GIII
1146,GILD
1147,GILT
1148,GK
1149,GKNT
1150,GLAD
1151,GLADO
1152,GLBS
1153,GLBZ
1154,GLDC
1155,GLDD
1156,GLDI
1157,GLMD
1158,GLNG
1159,GLPI
1160,GLRE
1161,GLRI
1162,GLUU
1163,GLYC
1164,GMAN
1165,GMCR
1166,GMLP
1167,GNBC
1168,GNCA
1169,GNCMA
1170,GNMA
1171,GNMK
1172,GNTX
1173,GNVC
1174,GOGO
1175,GOLD
1176,GOMO
1177,GOOD
1178,GOODN
1179,GOODO
1180,GOODP
1181,GOOG
1182,GOOGL
1183,GPIC
1184,GPOR
1185,GPRE
1186,GPRO
1187,GRBK
1188,GRFS
1189,GRID
1190,GRIF
1191,GRMN
1192,GROW
1193,GRPN
1194,GRVY
1195,GSBC
1196,GSIG
1197,GSIT
1198,GSM
1199,GSOL
1200,GSVC
1201,GT
1202,GTIM
1203,GTIV
1204,GTLS
1205,GTWN
1206,GTXI
1207,GUID
1208,GULF
1209,GULTU
1210,GURE
1211,GWGH
1212,GWPH
1213,GYRO
1214,HA
1215,HABT
1216,HAFC
1217,HAIN
1218,HALL
1219,HALO
1220,HART
1221,HAS
1222,HAWK
1223,HAWKB
1224,HAYN
1225,HBAN
1226,HBANP
1227,HBCP
1228,HBHC
1229,HBIO
1230,HBK
1231,HBMD
1232,HBNC
1233,HBNK
1234,HBOS
1235,HBP
1236,HCAC
1237,HCACU
1238,HCACW
1239,HCAP
1240,HCBK
1241,HCCI
1242,HCKT
1243,HCOM
1244,HCSG
1245,HCT
1246,HDNG
1247,HDP
1248,HDRA
1249,HDRAR
1250,HDRAU
1251,HDRAW
1252,HDS
1253,HDSN
1254,HEAR
1255,HEES
1256,HELE
1257,HEOP
1258,HERO
1259,HFBC
1260,HFBL
1261,HFFC
1262,HFWA
1263,HGSH
1264,HIBB
1265,HIFS
1266,HIHO
1267,HIIQ
1268,HILL
1269,HIMX
1270,HKTV
1271,HLIT
1272,HLSS
1273,HMHC
1274,HMIN
1275,HMNF
1276,HMNY
1277,HMPR
1278,HMST
1279,HMSY
1280,HMTV
1281,HNH
1282,HNNA
1283,HNRG
1284,HNSN
1285,HOFT
1286,HOLI
1287,HOLX
1288,HOMB
1289,HOTR
1290,HOTRW
1291,HOVNP
1292,HPJ
1293,HPTX
1294,HQY
1295,HRTX
1296,HRZN
1297,HSGX
1298,HSIC
1299,HSII
1300,HSKA
1301,HSNI
1302,HSOL
1303,HSON
1304,HSTM
1305,HTBI
1306,HTBK
1307,HTBX
1308,HTCH
1309,HTHT
1310,HTLD
1311,HTLF
1312,HTWO
1313,HTWR
1314,HUBG
1315,HURC
1316,HURN
1317,HWAY
1318,HWBK
1319,HWCC
1320,HWKN
1321,HYGS
1322,HYLS
1323,HYND
1324,HYZD
1325,HZNP
1326,IACI
1327,IART
1328,IBB
1329,IBCA
1330,IBCP
1331,IBKC
1332,IBKR
1333,IBOC
1334,IBTX
1335,ICAD
1336,ICCC
1337,ICEL
1338,ICFI
1339,ICLD
1340,ICLDW
1341,ICLN
1342,ICLR
1343,ICON
1344,ICPT
1345,ICUI
1346,IDCC
1347,IDRA
1348,IDSA
1349,IDSY
1350,IDTI
1351,IDXX
1352,IEP
1353,IESC
1354,IEUS
1355,IFAS
1356,IFEU
1357,IFGL
1358,IFNA
1359,IFON
1360,IFV
1361,IGLD
1362,IGOV
1363,IGTE
1364,III
1365,IIIN
1366,IIJI
1367,IILG
1368,IIN
1369,IIVI
1370,IKAN
1371,IKGH
1372,IKNX
1373,ILMN
1374,IMDZ
1375,IMGN
1376,IMI
1377,IMKTA
1378,IMMR
1379,IMMU
1380,IMMY
1381,IMNP
1382,IMOS
1383,IMRS
1384,INAP
1385,INBK
1386,INCR
1387,INCY
1388,INDB
1389,INDY
1390,INFA
1391,INFI
1392,INFN
1393,INGN
1394,ININ
1395,INNL
1396,INO
1397,INOD
1398,INPH
1399,INSM
1400,INSY
1401,INTC
1402,INTG
1403,INTL
1404,INTLL
1405,INTU
1406,INTX
1407,INVE
1408,INVT
1409,INWK
1410,IOSP
1411,IPAR
1412,IPAS
1413,IPCC
1414,IPCI
1415,IPCM
1416,IPDN
1417,IPGP
1418,IPHS
1419,IPKW
1420,IPWR
1421,IPXL
1422,IQNT
1423,IRBT
1424,IRDM
1425,IRDMB
1426,IRDMZ
1427,IRG
1428,IRIX
1429,IRMD
1430,IROQ
1431,IRWD
1432,ISBC
1433,ISCA
1434,ISHG
1435,ISIG
1436,ISIL
1437,ISIS
1438,ISLE
1439,ISM
1440,ISNS
1441,ISRG
1442,ISRL
1443,ISSC
1444,ISSI
1445,ISTR
1446,ITCI
1447,ITIC
1448,ITRI
1449,ITRN
1450,IVAC
1451,IVAN
1452,IXYS
1453,JACK
1454,JACQ
1455,JACQU
1456,JACQW
1457,JAKK
1458,JASN
1459,JASNW
1460,JASO
1461,JAXB
1462,JAZZ
1463,JBHT
1464,JBLU
1465,JBSS
1466,JCOM
1467,JCS
1468,JCTCF
1469,JD
1470,JDSU
1471,JGBB
1472,JIVE
1473,JJSF
1474,JKHY
1475,JMBA
1476,JOBS
1477,JOEZ
1478,JOUT
1479,JRJC
1480,JRVR
1481,JSM
1482,JST
1483,JTPY
1484,JUNO
1485,JVA
1486,JXSB
1487,JYNT
1488,KALU
1489,KANG
1490,KBAL
1491,KBIO
1492,KBSF
1493,KCAP
1494,KCLI
1495,KE
1496,KELYA
1497,KELYB
1498,KEQU
1499,KERX
1500,KEYW
1501,KFFB
1502,KFRC
1503,KFX
1504,KGJI
1505,KIN
1506,KINS
1507,KIRK
1508,KITE
1509,KLAC
1510,KLIC
1511,KLXI
1512,KMDA
1513,KNDI
1514,KONA
1515,KONE
1516,KOOL
1517,KOPN
1518,KOSS
1519,KPTI
1520,KRFT
1521,KRNY
1522,KTCC
1523,KTEC
1524,KTOS
1525,KTWO
1526,KUTV
1527,KVHI
1528,KWEB
1529,KYTH
1530,KZ
1531,LABC
1532,LABL
1533,LACO
1534,LAKE
1535,LALT
1536,LAMR
1537,LANC
1538,LAND
1539,LARK
1540,LAWS
1541,LAYN
1542,LBAI
1543,LBIX
1544,LBRDA
1545,LBRDK
1546,LBRKR
1547,LBTYA
1548,LBTYB
1549,LBTYK
1550,LCNB
1551,LCUT
1552,LDRH
1553,LDRI
1554,LE
1555,LECO
1556,LEDS
1557,LEVY
1558,LEVYU
1559,LEVYW
1560,LFUS
1561,LFVN
1562,LGCY
1563,LGCYO
1564,LGCYP
1565,LGIH
1566,LGND
1567,LHCG
1568,LIME
1569,LINC
1570,LINE
1571,LION
1572,LIOX
1573,LIQD
1574,LIVE
1575,LJPC
1576,LKFN
1577,LKQ
1578,LLEX
1579,LLNW
1580,LLTC
1581,LMAT
1582,LMBS
1583,LMCA
1584,LMCB
1585,LMCK
1586,LMIA
1587,LMNR
1588,LMNS
1589,LMNX
1590,LMOS
1591,LMRK
1592,LNBB
1593,LNCE
1594,LNCO
1595,LNDC
1596,LOAN
1597,LOCM
1598,LOCO
1599,LOGI
1600,LOGM
1601,LOJN
1602,LONG
1603,LOOK
1604,LOPE
1605,LORL
1606,LOXO
1607,LPCN
1608,LPHI
1609,LPLA
1610,LPNT
1611,LPSB
1612,LPSN
1613,LPTH
1614,LPTN
1615,LQDT
1616,LRAD
1617,LRCX
1618,LSBK
1619,LSCC
1620,LSTR
1621,LTBR
1622,LTRE
1623,LTRPA
1624,LTRPB
1625,LTRX
1626,LTXB
1627,LULU
1628,LUNA
1629,LVNTA
1630,LVNTB
1631,LWAY
1632,LXRX
1633,LYTS
1634,MACK
1635,MAG
1636,MAGS
1637,MAMS
1638,MANH
1639,MANT
1640,MAR
1641,MARA
1642,MARK
1643,MARPS
1644,MASI
1645,MAT
1646,MATR
1647,MATW
1648,MAYS
1649,MBCN
1650,MBFI
1651,MBFIP
1652,MBII
1653,MBLX
1654,MBRG
1655,MBSD
1656,MBTF
1657,MBUU
1658,MBVT
1659,MBWM
1660,MCBC
1661,MCBK
1662,MCEP
1663,MCGC
1664,MCHP
1665,MCHX
1666,MCOX
1667,MCRI
1668,MCRL
1669,MCUR
1670,MDAS
1671,MDCA
1672,MDCO
1673,MDIV
1674,MDLZ
1675,MDM
1676,MDRX
1677,MDSO
1678,MDSY
1679,MDVN
1680,MDVXU
1681,MDWD
1682,MDXG
1683,MEET
1684,MEIL
1685,MEILW
1686,MEILZ
1687,MEIP
1688,MELA
1689,MELI
1690,MELR
1691,MEMP
1692,MENT
1693,MEOH
1694,MERC
1695,MERU
1696,METR
1697,MFI
1698,MFLX
1699,MFNC
1700,MFRI
1701,MFRM
1702,MFSF
1703,MGCD
1704,MGEE
1705,MGI
1706,MGIC
1707,MGLN
1708,MGNX
1709,MGPI
1710,MGRC
1711,MGYR
1712,MHGC
1713,MHLD
1714,MHLDO
1715,MICT
1716,MICTW
1717,MIDD
1718,MIFI
1719,MIK
1720,MIND
1721,MINI
1722,MITK
1723,MITL
1724,MKSI
1725,MKTO
1726,MKTX
1727,MLAB
1728,MLHR
1729,MLNK
1730,MLNX
1731,MLVF
1732,MMAC
1733,MMLP
1734,MMSI
1735,MMYT
1736,MNDL
1737,MNDO
1738,MNGA
1739,MNKD
1740,MNOV
1741,MNRK
1742,MNRO
1743,MNST
1744,MNTA
1745,MNTX
1746,MOBI
1747,MOBL
1748,MOCO
1749,MOFG
1750,MOKO
1751,MOLG
1752,MOMO
1753,MORN
1754,MOSY
1755,MPAA
1756,MPB
1757,MPEL
1758,MPET
1759,MPWR
1760,MRCC
1761,MRCY
1762,MRD
1763,MRGE
1764,MRKT
1765,MRLN
1766,MRNS
1767,MRTN
1768,MRTX
1769,MRVC
1770,MRVL
1771,MSBF
1772,MSCC
1773,MSEX
1774,MSFG
1775,MSFT
1776,MSG
1777,MSLI
1778,MSON
1779,MSTR
1780,MTBC
1781,MTEX
1782,MTGE
1783,MTGEP
1784,MTLS
1785,MTRX
1786,MTSC
1787,MTSI
1788,MTSL
1789,MTSN
1790,MU
1791,MULT
1792,MVIS
1793,MWIV
1794,MXIM
1795,MXWL
1796,MYGN
1797,MYL
1798,MYOS
1799,MYRG
1800,MZOR
1801,NAII
1802,NAME
1803,NANO
1804,NATH
1805,NATI
1806,NATL
1807,NATR
1808,NAUH
1809,NAVG
1810,NAVI
1811,NBBC
1812,NBIX
1813,NBN
1814,NBS
1815,NBTB
1816,NBTF
1817,NCIT
1818,NCLH
1819,NCMI
1820,NCTY
1821,NDAQ
1822,NDLS
1823,NDRM
1824,NDSN
1825,NECB
1826,NEO
1827,NEOG
1828,NEON
1829,NEOT
1830,NEPT
1831,NERV
1832,NETE
1833,NEWP
1834,NEWS
1835,NEWT
1836,NFBK
1837,NFEC
1838,NFLX
1839,NGHC
1840,NGHCP
1841,NHTB
1842,NICE
1843,NICK
1844,NILE
1845,NKSH
1846,NKTR
1847,NLNK
1848,NLST
1849,NMIH
1850,NMRX
1851,NNBR
1852,NPBC
1853,NPSP
1854,NRCIA
1855,NRCIB
1856,NRIM
1857,NRX
1858,NSEC
1859,NSIT
1860,NSPH
1861,NSSC
1862,NSTG
1863,NSYS
1864,NTAP
1865,NTCT
1866,NTES
1867,NTGR
1868,NTIC
1869,NTK
1870,NTLS
1871,NTRI
1872,NTRS
1873,NTRSP
1874,NTWK
1875,NUAN
1876,NURO
1877,NUTR
1878,NUVA
1879,NVAX
1880,NVCN
1881,NVDA
1882,NVDQ
1883,NVEC
1884,NVEE
1885,NVEEW
1886,NVFY
1887,NVGN
1888,NVMI
1889,NVSL
1890,NWBI
1891,NWBO
1892,NWBOW
1893,NWFL
1894,NWLI
1895,NWPX
1896,NWS
1897,NWSA
1898,NXPI
1899,NXST
1900,NXTD
1901,NXTDW
1902,NXTM
1903,NYMT
1904,NYMTP
1905,NYMX
1906,NYNY
1907,OBAS
1908,OBCI
1909,OCC
1910,OCFC
1911,OCLR
1912,OCLS
1913,OCRX
1914,OCUL
1915,ODFL
1916,ODP
1917,OFED
1918,OFIX
1919,OFLX
1920,OFS
1921,OGXI
1922,OHAI
1923,OHGI
1924,OHRP
1925,OIIM
1926,OKSB
1927,OLBK
1928,OLED
1929,OMAB
1930,OMCL
1931,OMED
1932,OMER
1933,OMEX
1934,ONB
1935,ONCY
1936,ONEQ
1937,ONFC
1938,ONNN
1939,ONTX
1940,ONTY
1941,ONVI
1942,OPB
1943,OPHC
1944,OPHT
1945,OPOF
1946,OPTT
1947,OPXA
1948,ORBC
1949,ORBK
1950,OREX
1951,ORIG
1952,ORIT
1953,ORLY
1954,ORMP
1955,ORPN
1956,ORRF
1957,OSBC
1958,OSBCP
1959,OSHC
1960,OSIR
1961,OSIS
1962,OSM
1963,OSN
1964,OSTK
1965,OSUR
1966,OTEL
1967,OTEX
1968,OTIC
1969,OTIV
1970,OTTR
1971,OUTR
1972,OVAS
1973,OVBC
1974,OVLY
1975,OVTI
1976,OXBR
1977,OXBRW
1978,OXFD
1979,OXGN
1980,OXLC
1981,OXLCN
1982,OXLCO
1983,OXLCP
1984,OZRK
1985,PAAS
1986,PACB
1987,PACW
1988,PAGG
1989,PAHC
1990,PANL
1991,PARN
1992,PATIV
1993,PATK
1994,PAYX
1995,PBCP
1996,PBCT
1997,PBHC
1998,PBIB
1999,PBIP
2000,PBMD
2001,PBPB
2002,PBSK
2003,PCAR
2004,PCBK
2005,PCCC
2006,PCH
2007,PCLN
2008,PCMI
2009,PCO
2010,PCOM
2011,PCRX
2012,PCTI
2013,PCTY
2014,PCYC
2015,PCYG
2016,PCYO
2017,PDBC
2018,PDCE
2019,PDCO
2020,PDEX
2021,PDFS
2022,PDII
2023,PDLI
2024,PEBK
2025,PEBO
2026,PEGA
2027,PEGI
2028,PEIX
2029,PENN
2030,PENX
2031,PEOP
2032,PERF
2033,PERI
2034,PERY
2035,PESI
2036,PETM
2037,PETS
2038,PETX
2039,PFBC
2040,PFBI
2041,PFBX
2042,PFIE
2043,PFIN
2044,PFIS
2045,PFLT
2046,PFMT
2047,PFPT
2048,PFSW
2049,PGC
2050,PGNX
2051,PGTI
2052,PHII
2053,PHIIK
2054,PHMD
2055,PICO
2056,PIH
2057,PINC
2058,PKBK
2059,PKOH
2060,PKT
2061,PLAB
2062,PLAY
2063,PLBC
2064,PLCE
2065,PLCM
2066,PLKI
2067,PLMT
2068,PLNR
2069,PLPC
2070,PLPM
2071,PLTM
2072,PLUG
2073,PLUS
2074,PLXS
2075,PMBC
2076,PMCS
2077,PMD
2078,PME
2079,PMFG
2080,PNBK
2081,PNFP
2082,PNNT
2083,PNQI
2084,PNRA
2085,PNRG
2086,PNTR
2087,PODD
2088,POOL
2089,POPE
2090,POWI
2091,POWL
2092,POZN
2093,PPBI
2094,PPC
2095,PPHM
2096,PPHMP
2097,PPSI
2098,PRAA
2099,PRAH
2100,PRAN
2101,PRCP
2102,PRFT
2103,PRFZ
2104,PRGN
2105,PRGNL
2106,PRGS
2107,PRGX
2108,PRIM
2109,PRKR
2110,PRLS
2111,PRMW
2112,PROV
2113,PRPH
2114,PRQR
2115,PRSC
2116,PRSS
2117,PRTA
2118,PRTK
2119,PRTO
2120,PRTS
2121,PRXI
2122,PRXL
2123,PSAU
2124,PSBH
2125,PSCC
2126,PSCD
2127,PSCE
2128,PSCF
2129,PSCH
2130,PSCI
2131,PSCM
2132,PSCT
2133,PSCU
2134,PSDV
2135,PSEC
2136,PSEM
2137,PSIX
2138,PSMT
2139,PSTB
2140,PSTI
2141,PSTR
2142,PSUN
2143,PTBI
2144,PTBIW
2145,PTC
2146,PTCT
2147,PTEN
2148,PTIE
2149,PTLA
2150,PTNR
2151,PTNT
2152,PTRY
2153,PTSI
2154,PTX
2155,PULB
2156,PVTB
2157,PVTBP
2158,PWOD
2159,PWRD
2160,PWX
2161,PXLW
2162,PZZA
2163,QABA
2164,QADA
2165,QADB
2166,QAT
2167,QBAK
2168,QCCO
2169,QCLN
2170,QCOM
2171,QCRH
2172,QDEL
2173,QGEN
2174,QINC
2175,QIWI
2176,QKLS
2177,QLGC
2178,QLIK
2179,QLTI
2180,QLTY
2181,QLYS
2182,QNST
2183,QQEW
2184,QQQ
2185,QQQC
2186,QQQX
2187,QQXT
2188,QRHC
2189,QRVO
2190,QSII
2191,QTEC
2192,QTNT
2193,QTNTW
2194,QTWW
2195,QUIK
2196,QUMU
2197,QUNR
2198,QURE
2199,QVCA
2200,QVCB
2201,QYLD
2202,RADA
2203,RAIL
2204,RAND
2205,RARE
2206,RAVE
2207,RAVN
2208,RBCAA
2209,RBCN
2210,RBPAA
2211,RCII
2212,RCKY
2213,RCMT
2214,RCON
2215,RCPI
2216,RCPT
2217,RDCM
2218,RDEN
2219,RDHL
2220,RDI
2221,RDIB
2222,RDNT
2223,RDUS
2224,RDVY
2225,RDWR
2226,RECN
2227,REDF
2228,REFR
2229,REGI
2230,REGN
2231,REIS
2232,RELL
2233,RELV
2234,REMY
2235,RENT
2236,REPH
2237,RESN
2238,REXI
2239,REXX
2240,RFIL
2241,RGCO
2242,RGDO
2243,RGDX
2244,RGEN
2245,RGLD
2246,RGLS
2247,RGSE
2248,RIBT
2249,RIBTW
2250,RICK
2251,RIGL
2252,RITT
2253,RITTW
2254,RIVR
2255,RJET
2256,RLJE
2257,RLOC
2258,RLOG
2259,RLYP
2260,RMBS
2261,RMCF
2262,RMGN
2263,RMTI
2264,RNA
2265,RNET
2266,RNST
2267,RNWK
2268,ROBO
2269,ROCK
2270,ROIA
2271,ROIAK
2272,ROIC
2273,ROIQ
2274,ROIQU
2275,ROIQW
2276,ROKA
2277,ROLL
2278,ROSE
2279,ROSG
2280,ROST
2281,ROVI
2282,ROYL
2283,RP
2284,RPRX
2285,RPRXW
2286,RPRXZ
2287,RPTP
2288,RPXC
2289,RRD
2290,RRGB
2291,RRST
2292,RSTI
2293,RSYS
2294,RTGN
2295,RTIX
2296,RTK
2297,RTRX
2298,RUSHA
2299,RUSHB
2300,RUTH
2301,RVBD
2302,RVLT
2303,RVNC
2304,RVSB
2305,RWLK
2306,RXDX
2307,RXII
2308,RYAAY
2309,SAAS
2310,SABR
2311,SAEX
2312,SAFM
2313,SAFT
2314,SAGE
2315,SAIA
2316,SAJA
2317,SAL
2318,SALE
2319,SALM
2320,SAMG
2321,SANM
2322,SANW
2323,SANWZ
2324,SAPE
2325,SASR
2326,SATS
2327,SAVE
2328,SBAC
2329,SBBX
2330,SBCF
2331,SBCP
2332,SBFG
2333,SBGI
2334,SBLK
2335,SBLKL
2336,SBNY
2337,SBNYW
2338,SBRA
2339,SBRAP
2340,SBSA
2341,SBSI
2342,SBUX
2343,SCAI
2344,SCHL
2345,SCHN
2346,SCLN
2347,SCMP
2348,SCOK
2349,SCON
2350,SCOR
2351,SCSC
2352,SCSS
2353,SCTY
2354,SCVL
2355,SCYX
2356,SEAC
2357,SEED
2358,SEIC
2359,SEMI
2360,SENEA
2361,SENEB
2362,SEV
2363,SFBC
2364,SFBS
2365,SFLY
2366,SFM
2367,SFNC
2368,SFST
2369,SFXE
2370,SGBK
2371,SGC
2372,SGEN
2373,SGI
2374,SGMA
2375,SGMO
2376,SGMS
2377,SGNL
2378,SGNT
2379,SGOC
2380,SGRP
2381,SGYP
2382,SGYPU
2383,SGYPW
2384,SHBI
2385,SHEN
2386,SHIP
2387,SHLD
2388,SHLDW
2389,SHLM
2390,SHLO
2391,SHOO
2392,SHOR
2393,SHOS
2394,SHPG
2395,SIAL
2396,SIBC
2397,SIEB
2398,SIEN
2399,SIFI
2400,SIFY
2401,SIGA
2402,SIGI
2403,SIGM
2404,SILC
2405,SIMG
2406,SIMO
2407,SINA
2408,SINO
2409,SIRI
2410,SIRO
2411,SIVB
2412,SIVBO
2413,SIXD
2414,SKBI
2415,SKIS
2416,SKOR
2417,SKUL
2418,SKYS
2419,SKYW
2420,SKYY
2421,SLAB
2422,SLCT
2423,SLGN
2424,SLM
2425,SLMAP
2426,SLMBP
2427,SLP
2428,SLRC
2429,SLTC
2430,SLVO
2431,SLXP
2432,SMAC
2433,SMACR
2434,SMACU
2435,SMBC
2436,SMCI
2437,SMED
2438,SMIT
2439,SMLR
2440,SMMF
2441,SMPL
2442,SMRT
2443,SMSI
2444,SMT
2445,SMTC
2446,SMTP
2447,SMTX
2448,SNAK
2449,SNBC
2450,SNC
2451,SNCR
2452,SNDK
2453,SNFCA
2454,SNHY
2455,SNMX
2456,SNPS
2457,SNSS
2458,SNTA
2459,SOCB
2460,SOCL
2461,SODA
2462,SOFO
2463,SOHO
2464,SOHOL
2465,SOHOM
2466,SOHU
2467,SONA
2468,SONC
2469,SONS
2470,SORL
2471,SOXX
2472,SP
2473,SPAN
2474,SPAR
2475,SPCB
2476,SPDC
2477,SPEX
2478,SPHS
2479,SPIL
2480,SPKE
2481,SPLK
2482,SPLS
2483,SPNC
2484,SPNS
2485,SPOK
2486,SPPI
2487,SPPR
2488,SPPRO
2489,SPPRP
2490,SPRO
2491,SPRT
2492,SPSC
2493,SPTN
2494,SPU
2495,SPWH
2496,SPWR
2497,SQBG
2498,SQBK
2499,SQI
2500,SQNM
2501,SQQQ
2502,SRCE
2503,SRCL
2504,SRDX
2505,SREV
2506,SRNE
2507,SRPT
2508,SRSC
2509,SSB
2510,SSBI
2511,SSFN
2512,SSH
2513,SSNC
2514,SSRG
2515,SSRI
2516,SSYS
2517,STAA
2518,STB
2519,STBA
2520,STBZ
2521,STCK
2522,STEM
2523,STFC
2524,STKL
2525,STLD
2526,STLY
2527,STML
2528,STMP
2529,STNR
2530,STPP
2531,STRA
2532,STRL
2533,STRM
2534,STRN
2535,STRS
2536,STRT
2537,STRZA
2538,STRZB
2539,STX
2540,STXS
2541,SUBK
2542,SUMR
2543,SUNS
2544,SUPN
2545,SURG
2546,SUSQ
2547,SUTR
2548,SVA
2549,SVBI
2550,SVVC
2551,SWHC
2552,SWIR
2553,SWKS
2554,SWSH
2555,SYBT
2556,SYKE
2557,SYMC
2558,SYMX
2559,SYNA
2560,SYNC
2561,SYNL
2562,SYNT
2563,SYPR
2564,SYRX
2565,SYUT
2566,SZMK
2567,SZYM
2568,TACT
2569,TAIT
2570,TAPR
2571,TASR
2572,TAST
2573,TATT
2574,TAX
2575,TAXI
2576,TAYD
2577,TBBK
2578,TBIO
2579,TBK
2580,TBNK
2581,TBPH
2582,TCBI
2583,TCBIL
2584,TCBIP
2585,TCBIW
2586,TCBK
2587,TCCO
2588,TCFC
2589,TCPC
2590,TCRD
2591,TCX
2592,TDIV
2593,TEAR
2594,TECD
2595,TECH
2596,TECU
2597,TEDU
2598,TENX
2599,TERP
2600,TESO
2601,TESS
2602,TFM
2603,TFSC
2604,TFSCR
2605,TFSCU
2606,TFSCW
2607,TFSL
2608,TGA
2609,TGE
2610,TGEN
2611,TGLS
2612,TGTX
2613,THFF
2614,THLD
2615,THOR
2616,THRM
2617,THRX
2618,THST
2619,THTI
2620,TICC
2621,TIGR
2622,TILE
2623,TINY
2624,TIPT
2625,TISA
2626,TITN
2627,TIVO
2628,TKAI
2629,TKMR
2630,TLF
2631,TLMR
2632,TLOG
2633,TNAV
2634,TNDM
2635,TNGO
2636,TNXP
2637,TOPS
2638,TORM
2639,TOUR
2640,TOWN
2641,TQQQ
2642,TRAK
2643,TRCB
2644,TRCH
2645,TREE
2646,TRGT
2647,TRIB
2648,TRIL
2649,TRIP
2650,TRIV
2651,TRMB
2652,TRMK
2653,TRNS
2654,TRNX
2655,TROV
2656,TROVU
2657,TROVW
2658,TROW
2659,TRS
2660,TRST
2661,TRTL
2662,TRTLU
2663,TRTLW
2664,TRUE
2665,TRVN
2666,TSBK
2667,TSC
2668,TSCO
2669,TSEM
2670,TSLA
2671,TSRA
2672,TSRE
2673,TSRI
2674,TSRO
2675,TST
2676,TSYS
2677,TTEC
2678,TTEK
2679,TTGT
2680,TTHI
2681,TTMI
2682,TTOO
2683,TTPH
2684,TTS
2685,TTWO
2686,TUBE
2687,TUES
2688,TUSA
2689,TVIX
2690,TVIZ
2691,TWER
2692,TWIN
2693,TWMC
2694,TWOU
2695,TXN
2696,TXRH
2697,TYPE
2698,TZOO
2699,UACL
2700,UAE
2701,UBCP
2702,UBFO
2703,UBIC
2704,UBNK
2705,UBNT
2706,UBOH
2707,UBSH
2708,UBSI
2709,UCBA
2710,UCBI
2711,UCFC
2712,UCTT
2713,UDF
2714,UEIC
2715,UEPS
2716,UFCS
2717,UFPI
2718,UFPT
2719,UG
2720,UGLD
2721,UHAL
2722,UIHC
2723,ULBI
2724,ULTA
2725,ULTI
2726,ULTR
2727,UMBF
2728,UMPQ
2729,UNAM
2730,UNB
2731,UNFI
2732,UNIS
2733,UNTD
2734,UNTY
2735,UNXL
2736,UPI
2737,UPIP
2738,UPLD
2739,URBN
2740,URRE
2741,USAK
2742,USAP
2743,USAT
2744,USATP
2745,USBI
2746,USCR
2747,USEG
2748,USLM
2749,USLV
2750,USMD
2751,USTR
2752,UTEK
2753,UTHR
2754,UTIW
2755,UTMD
2756,UTSI
2757,UVSP
2758,VA
2759,VALU
2760,VALX
2761,VASC
2762,VBFC
2763,VBIV
2764,VBLT
2765,VBND
2766,VBTX
2767,VCEL
2768,VCIT
2769,VCLT
2770,VCSH
2771,VCYT
2772,VDSI
2773,VECO
2774,VGGL
2775,VGIT
2776,VGLT
2777,VGSH
2778,VIA
2779,VIAB
2780,VIAS
2781,VICL
2782,VICR
2783,VIDE
2784,VIDI
2785,VIEW
2786,VIIX
2787,VIIZ
2788,VIMC
2789,VIP
2790,VIRC
2791,VISN
2792,VIVO
2793,VLCCF
2794,VLGEA
2795,VLTC
2796,VLYWW
2797,VMBS
2798,VNDA
2799,VNET
2800,VNOM
2801,VNQI
2802,VNR
2803,VNRAP
2804,VNRBP
2805,VNRCP
2806,VOD
2807,VOLC
2808,VONE
2809,VONG
2810,VONV
2811,VOXX
2812,VPCO
2813,VRA
2814,VRML
2815,VRNG
2816,VRNGW
2817,VRNS
2818,VRNT
2819,VRSK
2820,VRSN
2821,VRTA
2822,VRTB
2823,VRTS
2824,VRTU
2825,VRTX
2826,VSAR
2827,VSAT
2828,VSCI
2829,VSCP
2830,VSEC
2831,VSTM
2832,VTAE
2833,VTHR
2834,VTIP
2835,VTL
2836,VTNR
2837,VTSS
2838,VTWG
2839,VTWO
2840,VTWV
2841,VUSE
2842,VVUS
2843,VWOB
2844,VWR
2845,VXUS
2846,VYFC
2847,WABC
2848,WAFD
2849,WAFDW
2850,WASH
2851,WATT
2852,WAVX
2853,WAYN
2854,WB
2855,WBA
2856,WBB
2857,WBKC
2858,WBMD
2859,WDC
2860,WDFC
2861,WEBK
2862,WEN
2863,WERN
2864,WETF
2865,WEYS
2866,WFBI
2867,WFD
2868,WFM
2869,WGBS
2870,WHF
2871,WHFBL
2872,WHLM
2873,WHLR
2874,WHLRP
2875,WHLRW
2876,WIBC
2877,WIFI
2878,WILC
2879,WILN
2880,WIN
2881,WINA
2882,WIRE
2883,WIX
2884,WLB
2885,WLBPZ
2886,WLDN
2887,WLFC
2888,WLRH
2889,WLRHU
2890,WLRHW
2891,WMAR
2892,WMGI
2893,WMGIZ
2894,WOOD
2895,WOOF
2896,WPCS
2897,WPPGY
2898,WPRT
2899,WRES
2900,WRLD
2901,WSBC
2902,WSBF
2903,WSCI
2904,WSFS
2905,WSFSL
2906,WSTC
2907,WSTG
2908,WSTL
2909,WTBA
2910,WTFC
2911,WTFCW
2912,WTSL
2913,WVFC
2914,WVVI
2915,WWD
2916,WWWW
2917,WYNN
2918,XBKS
2919,XCRA
2920,XENE
2921,XENT
2922,XGTI
2923,XGTIW
2924,XIV
2925,XLNX
2926,XLRN
2927,XNCR
2928,XNET
2929,XNPT
2930,XOMA
2931,XONE
2932,XOOM
2933,XPLR
2934,XRAY
2935,XTLB
2936,XXIA
2937,YDIV
2938,YDLE
2939,YHOO
2940,YNDX
2941,YOD
2942,YORW
2943,YPRO
2944,YRCW
2945,YY
2946,Z
2947,ZAGG
2948,ZAZA
2949,ZBRA
2950,ZEUS
2951,ZFGN
2952,ZGNX
2953,ZHNE
2954,ZINC
2955,ZION
2956,ZIONW
2957,ZIONZ
2958,ZIOP
2959,ZIV
2960,ZIXI
2961,ZLTQ
2962,ZN
2963,ZNGA
2964,ZSPH
2965,ZU
2966,ZUMZ
2967,A
2968,AA
2969,AA$B
2970,AAC
2971,AAN
2972,AAP
2973,AAT
2974,AAV
2975,AB
2976,ABB
2977,ABBV
2978,ABC
2979,ABEV
2980,ABG
2981,ABM
2982,ABR
2983,ABR$A
2984,ABR$B
2985,ABR$C
2986,ABRN
2987,ABT
2988,ABX
2989,ACC
2990,ACCO
2991,ACE
2992,ACG
2993,ACH
2994,ACI
2995,ACM
2996,ACMP
2997,ACN
2998,ACP
2999,ACRE
3000,ACT
3001,ACW
3002,ADC
3003,ADM
3004,ADPT
3005,ADS
3006,ADT
3007,ADX
3008,AEB
3009,AEC
3010,AED
3011,AEE
3012,AEG
3013,AEH
3014,AEK
3015,AEL
3016,AEM
3017,AEO
3018,AEP
3019,AER
3020,AES
3021,AES$C
3022,AET
3023,AF
3024,AF$C
3025,AFA
3026,AFB
3027,AFC
3028,AFG
3029,AFGE
3030,AFL
3031,AFM
3032,AFQ
3033,AFSD
3034,AFSI$A
3035,AFSI$B
3036,AFSI$C
3037,AFT
3038,AFW
3039,AG
3040,AGC
3041,AGCO
3042,AGD
3043,AGI
3044,AGM
3045,AGM$A
3046,AGM$B
3047,AGM$C
3048,AGM.A
3049,AGN
3050,AGO
3051,AGO$B
3052,AGO$E
3053,AGO$F
3054,AGRO
3055,AGU
3056,AGX
3057,AHC
3058,AHH
3059,AHL
3060,AHL$A
3061,AHL$B
3062,AHL$C
3063,AHP
3064,AHS
3065,AHT
3066,AHT$A
3067,AHT$D
3068,AHT$E
3069,AI
3070,AIB
3071,AIF
3072,AIG
3073,AIG.W
3074,AIN
3075,AIR
3076,AIT
3077,AIV
3078,AIV$A
3079,AIV$Z
3080,AIW
3081,AIY
3082,AIZ
3083,AJG
3084,AKO.A
3085,AKO.B
3086,AKP
3087,AKR
3088,AKS
3089,AL
3090,ALB
3091,ALDW
3092,ALE
3093,ALEX
3094,ALG
3095,ALJ
3096,ALK
3097,ALL
3098,ALL$A
3099,ALL$B
3100,ALL$C
3101,ALL$D
3102,ALL$E
3103,ALL$F
3104,ALLE
3105,ALLY
3106,ALLY$A
3107,ALLY$B
3108,ALP$N
3109,ALP$O
3110,ALP$P
3111,ALR
3112,ALR$B
3113,ALSN
3114,ALU
3115,ALV
3116,ALX
3117,AM
3118,AMBR
3119,AMC
3120,AME
3121,AMFW
3122,AMG
3123,AMH
3124,AMH$A
3125,AMH$B
3126,AMH$C
3127,AMID
3128,AMP
3129,AMRC
3130,AMRE
3131,AMT
3132,AMT$A
3133,AMTD
3134,AMTG
3135,AMTG$A
3136,AMX
3137,AN
3138,ANET
3139,ANF
3140,ANFI
3141,ANH
3142,ANH$A
3143,ANH$B
3144,ANN
3145,ANR
3146,ANTM
3147,ANW
3148,AOD
3149,AOI
3150,AOL
3151,AON
3152,AOS
3153,AP
3154,APA
3155,APAM
3156,APB
3157,APC
3158,APD
3159,APF
3160,APH
3161,APL
3162,APL$E
3163,APO
3164,APU
3165,AR
3166,ARC
3167,ARCO
3168,ARCX
3169,ARDC
3170,ARE
3171,ARE$E
3172,ARES
3173,ARG
3174,ARH$C
3175,ARI
3176,ARI$A
3177,ARL
3178,ARMF
3179,ARMK
3180,ARN
3181,ARO
3182,ARP
3183,ARP$D
3184,ARPI
3185,ARR
3186,ARR$A
3187,ARR$B
3188,ARU
3189,ARW
3190,ARY
3191,ASA
3192,ASB
3193,ASB$B
3194,ASC
3195,ASG
3196,ASGN
3197,ASH
3198,ASPN
3199,ASR
3200,ASX
3201,AT
3202,ATE
3203,ATEN
3204,ATHM
3205,ATI
3206,ATK
3207,ATLS
3208,ATO
3209,ATR
3210,ATTO
3211,ATU
3212,ATV
3213,ATW
3214,AU
3215,AUO
3216,AUQ
3217,AUY
3218,AV
3219,AVA
3220,AVAL
3221,AVB
3222,AVD
3223,AVG
3224,AVH
3225,AVIV
3226,AVK
3227,AVOL
3228,AVP
3229,AVT
3230,AVV
3231,AVX
3232,AVY
3233,AWF
3234,AWH
3235,AWI
3236,AWK
3237,AWP
3238,AWR
3239,AXE
3240,AXL
3241,AXLL
3242,AXP
3243,AXR
3244,AXS
3245,AXS$C
3246,AXS$D
3247,AXTA
3248,AYI
3249,AYN
3250,AYR
3251,AZN
3252,AZO
3253,AZZ
3254,B
3255,BA
3256,BABA
3257,BAC
3258,BAC$D
3259,BAC$E
3260,BAC$I
3261,BAC$L
3262,BAC$W
3263,BAC$Z
3264,BAC.A
3265,BAC.B
3266,BAF
3267,BAH
3268,BAK
3269,BALT
3270,BAM
3271,BANC
3272,BANC$C
3273,BAP
3274,BAS
3275,BAX
3276,BBD
3277,BBDO
3278,BBF
3279,BBG
3280,BBK
3281,BBL
3282,BBN
3283,BBT
3284,BBT$D
3285,BBT$E
3286,BBT$F
3287,BBT$G
3288,BBVA
3289,BBW
3290,BBX
3291,BBY
3292,BC
3293,BCA
3294,BCC
3295,BCE
3296,BCEI
3297,BCH
3298,BCO
3299,BCR
3300,BCRH
3301,BCS
3302,BCS$
3303,BCS$A
3304,BCS$C
3305,BCS$D
3306,BCX
3307,BDC
3308,BDJ
3309,BDN
3310,BDN$E
3311,BDX
3312,BEE
3313,BEL
3314,BEN
3315,BEP
3316,BERY
3317,BF.A
3318,BF.B
3319,BFAM
3320,BFK
3321,BFO
3322,BFR
3323,BFS
3324,BFS$C
3325,BFZ
3326,BG
3327,BGB
3328,BGC
3329,BGCA
3330,BGE$B
3331,BGG
3332,BGH
3333,BGR
3334,BGS
3335,BGT
3336,BGX
3337,BGY
3338,BH
3339,BHE
3340,BHI
3341,BHK
3342,BHL
3343,BHLB
3344,BHP
3345,BID
3346,BIE
3347,BIF
3348,BIG
3349,BIN
3350,BIO
3351,BIO.B
3352,BIOA
3353,BIOA.W
3354,BIP
3355,BIT
3356,BITA
3357,BJZ
3358,BK
3359,BK$C
3360,BKD
3361,BKE
3362,BKH
3363,BKK
3364,BKN
3365,BKS
3366,BKT
3367,BKU
3368,BLH
3369,BLK
3370,BLL
3371,BLOX
3372,BLT
3373,BLW
3374,BLX
3375,BMA
3376,BME
3377,BMI
3378,BML$G
3379,BML$H
3380,BML$I
3381,BML$J
3382,BML$L
3383,BMO
3384,BMR
3385,BMS
3386,BMY
3387,BNJ
3388,BNK
3389,BNS
3390,BNY
3391,BOCA
3392,BOE
3393,BOH
3394,BOI
3395,BOOT
3396,BORN
3397,BOXC
3398,BP
3399,BPI
3400,BPK
3401,BPL
3402,BPT
3403,BPY
3404,BPZ
3405,BQH
3406,BR
3407,BRC
3408,BRFS
3409,BRK.A
3410,BRK.B
3411,BRO
3412,BRP
3413,BRS
3414,BRSS
3415,BRT
3416,BRX
3417,BSAC
3418,BSBR
3419,BSD
3420,BSE
3421,BSI
3422,BSL
3423,BSMX
3424,BST
3425,BSX
3426,BT
3427,BTA
3428,BTE
3429,BTF
3430,BTH
3431,BTO
3432,BTT
3433,BTU
3434,BTZ
3435,BUD
3436,BUI
3437,BURL
3438,BVN
3439,BWA
3440,BWC
3441,BWG
3442,BWP
3443,BWS
3444,BX
3445,BXC
3446,BXE
3447,BXMT
3448,BXMX
3449,BXP
3450,BXP$B
3451,BXS
3452,BYD
3453,BYM
3454,BZH
3455,BZT
3456,C
3457,C$C
3458,C$J
3459,C$K
3460,C$L
3461,C$N
3462,C$P
3463,C.A
3464,C.B
3465,CAB
3466,CACI
3467,CAE
3468,CAF
3469,CAG
3470,CAH
3471,CAJ
3472,CALX
3473,CAM
3474,CAP
3475,CAPL
3476,CAS
3477,CAT
3478,CATO
3479,CB
3480,CBA
3481,CBB
3482,CBB$B
3483,CBD
3484,CBG
3485,CBI
3486,CBK
3487,CBL
3488,CBL$D
3489,CBL$E
3490,CBM
3491,CBPX
3492,CBR
3493,CBS
3494,CBS.A
3495,CBT
3496,CBU
3497,CBZ
3498,CCC
3499,CCE
3500,CCG
3501,CCG$A
3502,CCI
3503,CCI$A
3504,CCJ
3505,CCK
3506,CCL
3507,CCM
3508,CCO
3509,CCS
3510,CCSC
3511,CCU
3512,CCV
3513,CCZ
3514,CDE
3515,CDE.W
3516,CDI
3517,CDR
3518,CDR$B
3519,CE
3520,CEA
3521,CEB
3522,CEE
3523,CEL
3524,CELP
3525,CEM
3526,CEN
3527,CEO
3528,CEQP
3529,CF
3530,CFC$A
3531,CFC$B
3532,CFG
3533,CFI
3534,CFN
3535,CFR
3536,CFR$A
3537,CFX
3538,CGA
3539,CGG
3540,CGI
3541,CHA
3542,CHD
3543,CHE
3544,CHGG
3545,CHH
3546,CHK
3547,CHK$D
3548,CHKR
3549,CHL
3550,CHMI
3551,CHMT
3552,CHN
3553,CHS
3554,CHSP
3555,CHSP$A
3556,CHT
3557,CHU
3558,CI
3559,CIA
3560,CIB
3561,CIE
3562,CIEN
3563,CIF
3564,CIG
3565,CIG.C
3566,CII
3567,CIM
3568,CIO
3569,CIR
3570,CIT
3571,CIVI
3572,CJES
3573,CKH
3574,CKP
3575,CL
3576,CLA
3577,CLB
3578,CLC
3579,CLD
3580,CLDT
3581,CLF
3582,CLGX
3583,CLH
3584,CLI
3585,CLNY
3586,CLNY$A
3587,CLNY$B
3588,CLR
3589,CLS
3590,CLV
3591,CLW
3592,CLX
3593,CM
3594,CMA
3595,CMA.W
3596,CMC
3597,CMCM
3598,CMG
3599,CMI
3600,CMK
3601,CMLP
3602,CMN
3603,CMO
3604,CMO$E
3605,CMP
3606,CMRE
3607,CMRE$B
3608,CMRE$C
3609,CMS
3610,CMS$B
3611,CMU
3612,CNA
3613,CNC
3614,CNCO
3615,CNHI
3616,CNI
3617,CNK
3618,CNL
3619,CNNX
3620,CNO
3621,CNP
3622,CNQ
3623,CNS
3624,CNW
3625,CNX
3626,CO
3627,CODE
3628,CODI
3629,COF
3630,COF$C
3631,COF$D
3632,COF$P
3633,COF.W
3634,COG
3635,COH
3636,COL
3637,COO
3638,COP
3639,COR
3640,COR$A
3641,CORR
3642,COT
3643,COTY
3644,COUP
3645,COV
3646,CP
3647,CPA
3648,CPAC
3649,CPB
3650,CPE
3651,CPE$A
3652,CPF
3653,CPG
3654,CPK
3655,CPL
3656,CPN
3657,CPS
3658,CPT
3659,CR
3660,CRC
3661,CRCM
3662,CRD.A
3663,CRD.B
3664,CRH
3665,CRI
3666,CRK
3667,CRL
3668,CRM
3669,CRR
3670,CRS
3671,CRT
3672,CRY
3673,CS
3674,CSC
3675,CSG
3676,CSH
3677,CSI
3678,CSL
3679,CSLT
3680,CSS
3681,CST
3682,CSTM
3683,CSU
3684,CSV
3685,CSX
3686,CTB
3687,CTL
3688,CTLT
3689,CTQ
3690,CTR
3691,CTS
3692,CTT
3693,CTU
3694,CTV
3695,CTW
3696,CTX
3697,CTY
3698,CUB
3699,CUBE
3700,CUBE$A
3701,CUBI
3702,CUBS
3703,CUDA
3704,CUK
3705,CUZ
3706,CVA
3707,CVB
3708,CVC
3709,CVD
3710,CVE
3711,CVEO
3712,CVG
3713,CVI
3714,CVO
3715,CVRR
3716,CVS
3717,CVT
3718,CVX
3719,CW
3720,CWEI
3721,CWT
3722,CX
3723,CXE
3724,CXH
3725,CXO
3726,CXP
3727,CXW
3728,CYD
3729,CYH
3730,CYN
3731,CYN$C
3732,CYN$D
3733,CYNI
3734,CYS
3735,CYS$A
3736,CYS$B
3737,CYT
3738,CZZ
3739,D
3740,DAC
3741,DAL
3742,DAN
3743,DANG
3744,DAR
3745,DATA
3746,DB
3747,DBD
3748,DBL
3749,DCA
3750,DCI
3751,DCM
3752,DCO
3753,DCT
3754,DCUA
3755,DCUB
3756,DCUC
3757,DD
3758,DD$A
3759,DD$B
3760,DDC
3761,DDD
3762,DDE
3763,DDF
3764,DDR
3765,DDR$J
3766,DDR$K
3767,DDS
3768,DDT
3769,DE
3770,DECK
3771,DEG
3772,DEI
3773,DEL
3774,DEO
3775,DEX
3776,DF
3777,DFP
3778,DFS
3779,DFS$B
3780,DFT
3781,DFT$A
3782,DFT$B
3783,DG
3784,DGI
3785,DGX
3786,DHF
3787,DHG
3788,DHI
3789,DHR
3790,DHT
3791,DHX
3792,DIAX
3793,DIN
3794,DIS
3795,DK
3796,DKL
3797,DKS
3798,DKT
3799,DL
3800,DLB
3801,DLNG
3802,DLPH
3803,DLR
3804,DLR$E
3805,DLR$F
3806,DLR$G
3807,DLR$H
3808,DLX
3809,DM
3810,DMB
3811,DMD
3812,DMO
3813,DNB
3814,DNI
3815,DNOW
3816,DNP
3817,DNR
3818,DNY
3819,DO
3820,DOC
3821,DOM
3822,DOOR
3823,DOV
3824,DOW
3825,DPG
3826,DPLO
3827,DPM
3828,DPS
3829,DPZ
3830,DQ
3831,DRA
3832,DRC
3833,DRD
3834,DRE
3835,DRH
3836,DRI
3837,DRII
3838,DRL
3839,DRQ
3840,DSE
3841,DSL
3842,DSM
3843,DST
3844,DSU
3845,DSW
3846,DSX
3847,DSX$B
3848,DTE
3849,DTF
3850,DTK
3851,DTLA$
3852,DTQ
3853,DTT
3854,DTZ
3855,DUA
3856,DUC
3857,DUK
3858,DUKH
3859,DV
3860,DVA
3861,DVD
3862,DVN
3863,DW
3864,DWRE
3865,DX
3866,DX$A
3867,DX$B
3868,DXB
3869,DY
3870,DYN
3871,DYN$A
3872,DYN.W
3873,E
3874,EAA
3875,EAB
3876,EAE
3877,EARN
3878,EAT
3879,EBF
3880,EBR
3881,EBR.B
3882,EBS
3883,EC
3884,ECA
3885,ECC
3886,ECL
3887,ECOM
3888,ECR
3889,ECT
3890,ED
3891,EDD
3892,EDE
3893,EDF
3894,EDI
3895,EDN
3896,EDR
3897,EDU
3898,EE
3899,EEA
3900,EEP
3901,EEQ
3902,EFC
3903,EFF
3904,EFM
3905,EFR
3906,EFT
3907,EFX
3908,EGF
3909,EGL
3910,EGN
3911,EGO
3912,EGP
3913,EGY
3914,EHI
3915,EHIC
3916,EIG
3917,EIX
3918,EJ
3919,EL
3920,ELA
3921,ELB
3922,ELJ
3923,ELLI
3924,ELP
3925,ELS
3926,ELS$C
3927,ELU
3928,ELX
3929,ELY
3930,EMC
3931,EMD
3932,EME
3933,EMES
3934,EMF
3935,EMN
3936,EMO
3937,EMQ
3938,EMR
3939,EMZ
3940,ENB
3941,ENBL
3942,ENH
3943,ENH$A
3944,ENH$B
3945,ENI
3946,ENJ
3947,ENL
3948,ENLC
3949,ENLK
3950,ENR
3951,ENS
3952,ENV
3953,ENVA
3954,ENZ
3955,EOC
3956,EOD
3957,EOG
3958,EOI
3959,EOS
3960,EOT
3961,EP$C
3962,EPAM
3963,EPD
3964,EPE
3965,EPR
3966,EPR$C
3967,EPR$E
3968,EPR$F
3969,EQC
3970,EQC$D
3971,EQC$E
3972,EQCO
3973,EQM
3974,EQR
3975,EQS
3976,EQT
3977,EQY
3978,ERA
3979,ERF
3980,ERJ
3981,EROS
3982,ESD
3983,ESE
3984,ESI
3985,ESL
3986,ESNT
3987,ESRT
3988,ESS
3989,ESS$H
3990,ESV
3991,ETB
3992,ETE
3993,ETG
3994,ETH
3995,ETJ
3996,ETM
3997,ETN
3998,ETO
3999,ETP
4000,ETR
4001,ETV
4002,ETW
4003,ETX
4004,ETY
4005,EV
4006,EVC
4007,EVDY
4008,EVER
4009,EVER$A
4010,EVF
4011,EVG
4012,EVGN
4013,EVHC
4014,EVN
4015,EVR
4016,EVT
4017,EVTC
4018,EW
4019,EXAM
4020,EXAR
4021,EXC
4022,EXCU
4023,EXD
4024,EXG
4025,EXH
4026,EXK
4027,EXL
4028,EXL$B
4029,EXP
4030,EXPR
4031,EXR
4032,EZT
4033,F
4034,FAC
4035,FAF
4036,FAM
4037,FAV
4038,FBC
4039,FBHS
4040,FBP
4041,FBR
4042,FBS$A
4043,FC
4044,FCAM
4045,FCAU
4046,FCB
4047,FCE.A
4048,FCE.B
4049,FCF
4050,FCH
4051,FCH$A
4052,FCH$C
4053,FCN
4054,FCT
4055,FCX
4056,FDI
4057,FDO
4058,FDP
4059,FDS
4060,FDX
4061,FE
4062,FEI
4063,FELP
4064,FENG
4065,FEO
4066,FET
4067,FF
4068,FFA
4069,FFC
4070,FFG
4071,FGB
4072,FGL
4073,FGP
4074,FHN
4075,FHN$A
4076,FHY
4077,FI
4078,FICO
4079,FIF
4080,FIG
4081,FII
4082,FIS
4083,FIX
4084,FL
4085,FLC
4086,FLO
4087,FLR
4088,FLS
4089,FLT
4090,FLTX
4091,FLY
4092,FMC
4093,FMD
4094,FMER$A
4095,FMN
4096,FMO
4097,FMS
4098,FMSA
4099,FMX
4100,FMY
4101,FN
4102,FNB
4103,FNB$E
4104,FNF
4105,FNFG$B
4106,FNFV
4107,FNV
4108,FOE
4109,FOF
4110,FOR
4111,FPF
4112,FPL
4113,FPO
4114,FPO$A
4115,FPT
4116,FR
4117,FRA
4118,FRC
4119,FRC$A
4120,FRC$B
4121,FRC$C
4122,FRC$D
4123,FRC$E
4124,FRM
4125,FRO
4126,FRT
4127,FSCE
4128,FSD
4129,FSIC
4130,FSL
4131,FSM
4132,FSS
4133,FT
4134,FTI
4135,FTK
4136,FTT
4137,FUL
4138,FUN
4139,FUR
4140,FVE
4141,FXCM
4142,G
4143,GAB
4144,GAB$D
4145,GAB$G
4146,GAB$H
4147,GAM
4148,GAM$B
4149,GAS
4150,GB
4151,GBAB
4152,GBL
4153,GBX
4154,GCA
4155,GCAP
4156,GCH
4157,GCI
4158,GCO
4159,GCV
4160,GCV$B
4161,GD
4162,GDF
4163,GDL
4164,GDL$B
4165,GDO
4166,GDOT
4167,GDP
4168,GDP$C
4169,GDP$D
4170,GDV
4171,GDV$A
4172,GDV$D
4173,GE
4174,GEB
4175,GEF
4176,GEF.B
4177,GEH
4178,GEK
4179,GEL
4180,GEO
4181,GEQ
4182,GER
4183,GES
4184,GF
4185,GFA
4186,GFF
4187,GFI
4188,GFIG
4189,GFY
4190,GG
4191,GGB
4192,GGE
4193,GGG
4194,GGM
4195,GGP
4196,GGP$A
4197,GGT
4198,GGT$B
4199,GGZ
4200,GHC
4201,GHI
4202,GHL
4203,GHM
4204,GHY
4205,GIB
4206,GIL
4207,GIM
4208,GIMO
4209,GIS
4210,GJH
4211,GJO
4212,GJP
4213,GJR
4214,GJS
4215,GJT
4216,GJV
4217,GLF
4218,GLOB
4219,GLOG
4220,GLOP
4221,GLP
4222,GLPW
4223,GLT
4224,GLW
4225,GM
4226,GM.A
4227,GM.B
4228,GM.C
4229,GME
4230,GMED
4231,GMK
4232,GMT
4233,GMZ
4234,GNC
4235,GNE
4236,GNE$A
4237,GNI
4238,GNRC
4239,GNT
4240,GNW
4241,GOF
4242,GOL
4243,GOV
4244,GPC
4245,GPE$A
4246,GPI
4247,GPK
4248,GPM
4249,GPN
4250,GPRK
4251,GPS
4252,GPT
4253,GPT$B
4254,GPX
4255,GRA
4256,GRAM
4257,GRO
4258,GRP.U
4259,GRR
4260,GRT
4261,GRT$G
4262,GRT$H
4263,GRT$I
4264,GRUB
4265,GRX
4266,GRX$A
4267,GRX$B
4268,GS
4269,GS$A
4270,GS$B
4271,GS$C
4272,GS$D
4273,GS$I
4274,GS$J
4275,GS$K
4276,GSF
4277,GSH
4278,GSI
4279,GSJ
4280,GSK
4281,GSL
4282,GSL$B
4283,GTI
4284,GTN
4285,GTN.A
4286,GTS
4287,GTT
4288,GTY
4289,GUA
4290,GUT
4291,GUT$A
4292,GVA
4293,GWB
4294,GWR
4295,GWRE
4296,GWRU
4297,GWW
4298,GXP
4299,GXP$A
4300,GXP$D
4301,GXP$E
4302,GY
4303,GYB
4304,GYC
4305,GZT
4306,H
4307,HAE
4308,HAL
4309,HAR
4310,HASI
4311,HBI
4312,HBM
4313,HBM.W
4314,HCA
4315,HCC
4316,HCI
4317,HCJ
4318,HCLP
4319,HCN
4320,HCN$I
4321,HCN$J
4322,HCP
4323,HD
4324,HDB
4325,HDY
4326,HE
4327,HE$U
4328,HEI
4329,HEI.A
4330,HELI
4331,HEP
4332,HEQ
4333,HES
4334,HF
4335,HFC
4336,HGG
4337,HGH
4338,HGR
4339,HGT
4340,HHC
4341,HHS
4342,HHY
4343,HI
4344,HIE
4345,HIG
4346,HIG.W
4347,HII
4348,HIL
4349,HIO
4350,HIVE
4351,HIW
4352,HIX
4353,HJV
4354,HK
4355,HL
4356,HL$B
4357,HLF
4358,HLS
4359,HLT
4360,HLX
4361,HMC
4362,HME
4363,HMLP
4364,HMN
4365,HMY
4366,HNI
4367,HNP
4368,HNR
4369,HNT
4370,HOG
4371,HON
4372,HOS
4373,HOT
4374,HOV
4375,HP
4376,HPF
4377,HPI
4378,HPP
4379,HPP$B
4380,HPQ
4381,HPS
4382,HPT
4383,HPT$D
4384,HPY
4385,HQH
4386,HQL
4387,HR
4388,HRB
4389,HRC
4390,HRG
4391,HRL
4392,HRS
4393,HRTG
4394,HSBC
4395,HSBC$A
4396,HSC
4397,HSEA
4398,HSEB
4399,HSFC$B
4400,HSP
4401,HST
4402,HSY
4403,HT
4404,HT$B
4405,HT$C
4406,HTA
4407,HTD
4408,HTF
4409,HTGC
4410,HTGX
4411,HTGY
4412,HTGZ
4413,HTH
4414,HTR
4415,HTS
4416,HTS$A
4417,HTY
4418,HTZ
4419,HUB.A
4420,HUB.B
4421,HUBS
4422,HUM
4423,HUN
4424,HUSI$D
4425,HUSI$F
4426,HUSI$G
4427,HUSI$H
4428,HUSI$Z
4429,HVB
4430,HVT
4431,HVT.A
4432,HW
4433,HXL
4434,HY
4435,HYB
4436,HYF
4437,HYH
4438,HYI
4439,HYT
4440,HZO
4441,I
4442,I$A
4443,IAE
4444,IAG
4445,IBA
4446,IBM
4447,IBN
4448,IBP
4449,ICA
4450,ICB
4451,ICD
4452,ICE
4453,ICL
4454,IDA
4455,IDE
4456,IDG
4457,IDT
4458,IEH
4459,IEX
4460,IFF
4461,IFN
4462,IFT
4463,IGA
4464,IGD
4465,IGI
4466,IGR
4467,IGT
4468,IHC
4469,IHD
4470,IHG
4471,IHS
4472,IID
4473,IIF
4474,IIM
4475,IL
4476,IM
4477,IMAX
4478,IMN
4479,IMPR
4480,IMPV
4481,IMS
4482,INB
4483,IND
4484,INF
4485,INFY
4486,ING
4487,INGR
4488,INN
4489,INN$A
4490,INN$B
4491,INN$C
4492,INT
4493,INVN
4494,INXN
4495,INZ
4496,IO
4497,IOC
4498,IP
4499,IPG
4500,IPHI
4501,IPI
4502,IPL$D
4503,IQI
4504,IR
4505,IRC
4506,IRC$A
4507,IRC$B
4508,IRE
4509,IRET
4510,IRET$
4511,IRET$B
4512,IRF
4513,IRL
4514,IRM
4515,IRR
4516,IRS
4517,ISD
4518,ISF
4519,ISG
4520,ISH
4521,ISH$A
4522,ISH$B
4523,ISP
4524,IT
4525,ITC
4526,ITG
4527,ITT
4528,ITUB
4529,ITW
4530,IVC
4531,IVH
4532,IVR
4533,IVR$A
4534,IVR$B
4535,IVZ
4536,IX
4537,JAH
4538,JBK
4539,JBL
4540,JBN
4541,JBR
4542,JBT
4543,JCE
4544,JCI
4545,JCP
4546,JDD
4547,JE
4548,JEC
4549,JEQ
4550,JFC
4551,JFR
4552,JGH
4553,JGV
4554,JGW
4555,JHI
4556,JHP
4557,JHS
4558,JHX
4559,JKS
4560,JLL
4561,JLS
4562,JMEI
4563,JMF
4564,JMI
4565,JMLP
4566,JMM
4567,JMP
4568,JMPB
4569,JMPC
4570,JMT
4571,JNJ
4572,JNPR
4573,JNS
4574,JOE
4575,JOF
4576,JONE
4577,JOY
4578,JPC
4579,JPEP
4580,JPI
4581,JPM
4582,JPM$A
4583,JPM$B
4584,JPM$C
4585,JPM$D
4586,JPM$E
4587,JPM.W
4588,JPS
4589,JPW
4590,JQC
4591,JRI
4592,JRN
4593,JRO
4594,JSD
4595,JTA
4596,JTD
4597,JTP
4598,JW.A
4599,JW.B
4600,JWN
4601,K
4602,KAI
4603,KAMN
4604,KAP
4605,KAR
4606,KATE
4607,KB
4608,KBH
4609,KBR
4610,KCC
4611,KCG
4612,KED
4613,KEF
4614,KEG
4615,KEM
4616,KEN.V
4617,KEP
4618,KEX
4619,KEY
4620,KEY$G
4621,KEYS
4622,KF
4623,KFH
4624,KFI
4625,KFN$
4626,KFS
4627,KFY
4628,KGC
4629,KHI
4630,KIM
4631,KIM$H
4632,KIM$I
4633,KIM$J
4634,KIM$K
4635,KING
4636,KIO
4637,KKD
4638,KKR
4639,KMB
4640,KMF
4641,KMG
4642,KMI
4643,KMI.W
4644,KMM
4645,KMPA
4646,KMPR
4647,KMT
4648,KMX
4649,KN
4650,KND
4651,KNL
4652,KNM
4653,KNOP
4654,KNX
4655,KO
4656,KODK
4657,KODK.A
4658,KODK.W
4659,KOF
4660,KOP
4661,KORS
4662,KOS
4663,KR
4664,KRA
4665,KRC
4666,KRC$G
4667,KRC$H
4668,KRG
4669,KRG$A
4670,KRO
4671,KS
4672,KSM
4673,KSS
4674,KST
4675,KSU
4676,KSU$
4677,KT
4678,KTF
4679,KTH
4680,KTN
4681,KTP
4682,KW
4683,KWN
4684,KWR
4685,KYE
4686,KYN
4687,KYN$E
4688,KYN$F
4689,KYN$G
4690,KYO
4691,L
4692,LAD
4693,LADR
4694,LAS
4695,LAZ
4696,LB
4697,LBF
4698,LC
4699,LCI
4700,LCM
4701,LDF
4702,LDL
4703,LDOS
4704,LDP
4705,LDR
4706,LEA
4707,LEAF
4708,LEE
4709,LEG
4710,LEJU
4711,LEN
4712,LEN.B
4713,LEO
4714,LEU
4715,LF
4716,LFC
4717,LFL
4718,LG
4719,LGF
4720,LGI
4721,LH
4722,LHO
4723,LHO$H
4724,LHO$I
4725,LII
4726,LITB
4727,LL
4728,LLL
4729,LLY
4730,LM
4731,LMT
4732,LNC
4733,LNC.W
4734,LND
4735,LNKD
4736,LNN
4737,LNT
4738,LO
4739,LOCK
4740,LOR
4741,LOW
4742,LPG
4743,LPI
4744,LPL
4745,LPT
4746,LPX
4747,LQ
4748,LRE
4749,LRN
4750,LTC
4751,LTM
4752,LUB
4753,LUK
4754,LUV
4755,LUX
4756,LVLT
4757,LVS
4758,LXFR
4759,LXFT
4760,LXK
4761,LXP
4762,LXP$C
4763,LXU
4764,LYB
4765,LYG
4766,LYG$A
4767,LYV
4768,LZB
4769,M
4770,MA
4771,MAA
4772,MAC
4773,MAIN
4774,MAN
4775,MANU
4776,MAS
4777,MATX
4778,MAV
4779,MBI
4780,MBLY
4781,MBT
4782,MC
4783,MCA
4784,MCC
4785,MCD
4786,MCI
4787,MCK
4788,MCN
4789,MCO
4790,MCP
4791,MCQ
4792,MCR
4793,MCS
4794,MCV
4795,MCY
4796,MD
4797,MDC
4798,MDLY
4799,MDP
4800,MDR
4801,MDT
4802,MDU
4803,MED
4804,MEG
4805,MEI
4806,MEN
4807,MEP
4808,MER$D
4809,MER$E
4810,MER$F
4811,MER$K
4812,MER$M
4813,MER$P
4814,MET
4815,MET$A
4816,MET$B
4817,MFA
4818,MFA$B
4819,MFC
4820,MFD
4821,MFG
4822,MFL
4823,MFM
4824,MFO
4825,MFT
4826,MFV
4827,MG
4828,MGA
4829,MGF
4830,MGM
4831,MGR
4832,MGU
4833,MH$A
4834,MHD
4835,MHF
4836,MHFI
4837,MHG
4838,MHI
4839,MHK
4840,MHN
4841,MHNA
4842,MHNB
4843,MHNC
4844,MHO
4845,MHO$A
4846,MHR
4847,MHY
4848,MIC
4849,MIE
4850,MIG
4851,MIL
4852,MILL
4853,MILL$C
4854,MILL$D
4855,MIN
4856,MITT
4857,MITT$A
4858,MITT$B
4859,MIXT
4860,MIY
4861,MJI
4862,MJN
4863,MKC
4864,MKC.V
4865,MKL
4866,MLI
4867,MLM
4868,MLP
4869,MLR
4870,MM
4871,MMC
4872,MMD
4873,MMI
4874,MMM
4875,MMP
4876,MMS
4877,MMT
4878,MMU
4879,MN
4880,MNE
4881,MNI
4882,MNK
4883,MNP
4884,MNR
4885,MNR$A
4886,MNR$B
4887,MO
4888,MOD
4889,MODN
4890,MOG.A
4891,MOG.B
4892,MOH
4893,MON
4894,MORE
4895,MOS
4896,MOV
4897,MP$D
4898,MPA
4899,MPC
4900,MPG
4901,MPLX
4902,MPO
4903,MPV
4904,MPW
4905,MPX
4906,MQT
4907,MQY
4908,MR
4909,MRC
4910,MRH
4911,MRH$A
4912,MRIN
4913,MRK
4914,MRO
4915,MS
4916,MS$A
4917,MS$E
4918,MS$F
4919,MS$G
4920,MS$I
4921,MSA
4922,MSB
4923,MSCA
4924,MSCI
4925,MSD
4926,MSF
4927,MSI
4928,MSJ
4929,MSK
4930,MSL
4931,MSM
4932,MSO
4933,MSP
4934,MSZ
4935,MT
4936,MTB
4937,MTB$
4938,MTB$C
4939,MTB.W
4940,MTCN
4941,MTD
4942,MTDR
4943,MTG
4944,MTH
4945,MTL
4946,MTL$
4947,MTN
4948,MTOR
4949,MTR
4950,MTRN
4951,MTS
4952,MTT
4953,MTU
4954,MTW
4955,MTX
4956,MTZ
4957,MUA
4958,MUC
4959,MUE
4960,MUH
4961,MUI
4962,MUJ
4963,MUR
4964,MUS
4965,MUSA
4966,MUX
4967,MVC
4968,MVCB
4969,MVNR
4970,MVO
4971,MVT
4972,MW
4973,MWA
4974,MWE
4975,MWG
4976,MWO
4977,MWR
4978,MWV
4979,MWW
4980,MX
4981,MXE
4982,MXF
4983,MXL
4984,MY
4985,MYC
4986,MYCC
4987,MYD
4988,MYE
4989,MYF
4990,MYI
4991,MYJ
4992,MYM
4993,MYN
4994,MZF
4995,N
4996,NAC
4997,NAD
4998,NADL
4999,NAN
5000,NAO
5001,NAP
5002,NAT
5003,NAV
5004,NAV$D
5005,NAZ
5006,NBB
5007,NBD
5008,NBG
5009,NBG$A
5010,NBHC
5011,NBL
5012,NBR
5013,NC
5014,NCA
5015,NCFT
5016,NCI
5017,NCR
5018,NCS
5019,NCT
5020,NCT$B
5021,NCT$C
5022,NCT$D
5023,NCV
5024,NCZ
5025,NDP
5026,NDRO
5027,NE
5028,NEA
5029,NEE
5030,NEE$C
5031,NEE$G
5032,NEE$H
5033,NEE$I
5034,NEE$J
5035,NEE$O
5036,NEE$P
5037,NEFF
5038,NEM
5039,NEP
5040,NES
5041,NEU
5042,NEV
5043,NEWM
5044,NEWR
5045,NFG
5046,NFJ
5047,NFX
5048,NGG
5049,NGL
5050,NGLS
5051,NGS
5052,NGVC
5053,NHF
5054,NHI
5055,NI
5056,NID
5057,NIE
5058,NIM
5059,NIO
5060,NIQ
5061,NJ
5062,NJR
5063,NKA
5064,NKE
5065,NKG
5066,NKX
5067,NL
5068,NLS
5069,NLSN
5070,NLY
5071,NLY$A
5072,NLY$C
5073,NLY$D
5074,NM
5075,NM$G
5076,NM$H
5077,NMA
5078,NMBL
5079,NMFC
5080,NMI
5081,NMK$B
5082,NMK$C
5083,NMM
5084,NMO
5085,NMR
5086,NMS
5087,NMT
5088,NMY
5089,NNA
5090,NNC
5091,NNI
5092,NNN
5093,NNN$D
5094,NNN$E
5095,NNP
5096,NNY
5097,NOA
5098,NOAH
5099,NOC
5100,NOK
5101,NOM$C
5102,NOR
5103,NORD
5104,NOV
5105,NOW
5106,NP
5107,NPD
5108,NPF
5109,NPI
5110,NPK
5111,NPM
5112,NPO
5113,NPP
5114,NPT
5115,NPTN
5116,NPV
5117,NQ
5118,NQI
5119,NQM
5120,NQP
5121,NQS
5122,NQU
5123,NR
5124,NRF
5125,NRF$A
5126,NRF$B
5127,NRF$C
5128,NRF$D
5129,NRF$E
5130,NRG
5131,NRK
5132,NRP
5133,NRT
5134,NRZ
5135,NS
5136,NSAM
5137,NSC
5138,NSH
5139,NSL
5140,NSLP
5141,NSM
5142,NSP
5143,NSR
5144,NSS
5145,NTC
5146,NTG
5147,NTI
5148,NTL
5149,NTP
5150,NTT
5151,NTX
5152,NTX$C
5153,NTZ
5154,NU
5155,NUE
5156,NUM
5157,NUO
5158,NUS
5159,NUV
5160,NUW
5161,NVGS
5162,NVO
5163,NVR
5164,NVRO
5165,NVS
5166,NW$C
5167,NWE
5168,NWHM
5169,NWL
5170,NWN
5171,NWY
5172,NX
5173,NXC
5174,NXJ
5175,NXJ$C
5176,NXN
5177,NXP
5178,NXQ
5179,NXR
5180,NYCB
5181,NYCB$U
5182,NYLD
5183,NYRT
5184,NYT
5185,O
5186,O$F
5187,OAK
5188,OAKS
5189,OAKS$A
5190,OAS
5191,OB
5192,OC
5193,OCIP
5194,OCIR
5195,OCN
5196,OCR
5197,OCR$A
5198,OCR$B
5199,ODC
5200,OEC
5201,OFC
5202,OFC$L
5203,OFG
5204,OFG$A
5205,OFG$B
5206,OFG$D
5207,OGE
5208,OGS
5209,OHI
5210,OI
5211,OIA
5212,OIBR
5213,OIBR.C
5214,OII
5215,OILT
5216,OIS
5217,OKE
5218,OKS
5219,OLN
5220,OLP
5221,OMAM
5222,OMC
5223,OME
5224,OMG
5225,OMI
5226,OMN
5227,ONDK
5228,ONE
5229,OPK
5230,OPWR
5231,OPY
5232,ORA
5233,ORAN
5234,ORB
5235,ORC
5236,ORCL
5237,ORI
5238,ORN
5239,OSK
5240,OUBS
5241,OUT
5242,OWW
5243,OXM
5244,OXY
5245,OZM
5246,P
5247,PAA
5248,PAC
5249,PACD
5250,PAG
5251,PAGP
5252,PAH
5253,PAI
5254,PAM
5255,PANW
5256,PAR
5257,PAY
5258,PAYC
5259,PB
5260,PBA
5261,PBF
5262,PBFX
5263,PBH
5264,PBI
5265,PBI$A
5266,PBI$B
5267,PBR
5268,PBR.A
5269,PBT
5270,PBY
5271,PBYI
5272,PCF
5273,PCG
5274,PCI
5275,PCK
5276,PCL
5277,PCM
5278,PCN
5279,PCP
5280,PCQ
5281,PDI
5282,PDM
5283,PDS
5284,PDT
5285,PE
5286,PEB
5287,PEB$A
5288,PEB$B
5289,PEB$C
5290,PEG
5291,PEI
5292,PEI$A
5293,PEI$B
5294,PEO
5295,PEP
5296,PER
5297,PES
5298,PF
5299,PFD
5300,PFE
5301,PFG
5302,PFG$B
5303,PFH
5304,PFK
5305,PFL
5306,PFN
5307,PFO
5308,PFS
5309,PFSI
5310,PFX
5311,PG
5312,PGEM
5313,PGH
5314,PGI
5315,PGN
5316,PGP
5317,PGR
5318,PGRE
5319,PGZ
5320,PH
5321,PHD
5322,PHG
5323,PHH
5324,PHI
5325,PHK
5326,PHM
5327,PHT
5328,PHX
5329,PII
5330,PIM
5331,PIR
5332,PIY
5333,PJC
5334,PJH
5335,PJS
5336,PKD
5337,PKE
5338,PKG
5339,PKI
5340,PKO
5341,PKX
5342,PKY
5343,PL
5344,PL$B
5345,PL$C
5346,PL$E
5347,PLD
5348,PLL
5349,PLOW
5350,PLT
5351,PM
5352,PMC
5353,PMF
5354,PML
5355,PMM
5356,PMO
5357,PMT
5358,PMX
5359,PNC
5360,PNC$P
5361,PNC$Q
5362,PNC.W
5363,PNF
5364,PNI
5365,PNK
5366,PNM
5367,PNR
5368,PNTA
5369,PNW
5370,PNX
5371,PNY
5372,POL
5373,POM
5374,POR
5375,POST
5376,POT
5377,POWR
5378,PPG
5379,PPL
5380,PPO
5381,PPP
5382,PPR
5383,PPS
5384,PPS$A
5385,PPT
5386,PPX
5387,PQ
5388,PRA
5389,PRE
5390,PRE$D
5391,PRE$E
5392,PRE$F
5393,PRGO
5394,PRH
5395,PRI
5396,PRLB
5397,PRO
5398,PRU
5399,PRY
5400,PSA
5401,PSA$A
5402,PSA$O
5403,PSA$P
5404,PSA$Q
5405,PSA$R
5406,PSA$S
5407,PSA$T
5408,PSA$U
5409,PSA$V
5410,PSA$W
5411,PSA$X
5412,PSA$Y
5413,PSA$Z
5414,PSB
5415,PSB$R
5416,PSB$S
5417,PSB$T
5418,PSB$U
5419,PSB$V
5420,PSF
5421,PSG
5422,PSO
5423,PSX
5424,PSXP
5425,PT
5426,PTP
5427,PTR
5428,PTY
5429,PUK
5430,PUK$
5431,PUK$A
5432,PVA
5433,PVG
5434,PVH
5435,PVTD
5436,PWE
5437,PWR
5438,PX
5439,PXD
5440,PYB
5441,PYN
5442,PYS
5443,PYT
5444,PZB
5445,PZC
5446,PZE
5447,PZN
5448,Q
5449,QEP
5450,QEPM
5451,QIHU
5452,QSR
5453,QTM
5454,QTS
5455,QTWO
5456,QUAD
5457,R
5458,RAD
5459,RAI
5460,RALY
5461,RAS
5462,RAS$A
5463,RAS$B
5464,RAS$C
5465,RATE
5466,RAX
5467,RBA
5468,RBC
5469,RBS
5470,RBS$E
5471,RBS$F
5472,RBS$G
5473,RBS$H
5474,RBS$I
5475,RBS$L
5476,RBS$M
5477,RBS$N
5478,RBS$P
5479,RBS$Q
5480,RBS$R
5481,RBS$S
5482,RBS$T
5483,RCAP
5484,RCI
5485,RCL
5486,RCS
5487,RDC
5488,RDN
5489,RDS.A
5490,RDS.B
5491,RDY
5492,RE
5493,REG
5494,REG$F
5495,REG$G
5496,REN
5497,RENN
5498,RES
5499,RESI
5500,REV
5501,REX
5502,REXR
5503,RF
5504,RF$A
5505,RF$B
5506,RFI
5507,RFP
5508,RFT
5509,RFTA
5510,RGA
5511,RGC
5512,RGP
5513,RGR
5514,RGS
5515,RGT
5516,RH
5517,RHI
5518,RHP
5519,RHT
5520,RICE
5521,RIG
5522,RIGP
5523,RIO
5524,RIOM
5525,RIT
5526,RJD
5527,RJF
5528,RKT
5529,RKUS
5530,RL
5531,RLD
5532,RLGY
5533,RLH
5534,RLH$A
5535,RLI
5536,RLJ
5537,RM
5538,RMAX
5539,RMD
5540,RMP
5541,RMT
5542,RNDY
5543,RNE
5544,RNF
5545,RNG
5546,RNO
5547,RNP
5548,RNR
5549,RNR$C
5550,RNR$E
5551,ROC
5552,ROG
5553,ROK
5554,ROL
5555,ROP
5556,ROYT
5557,RPAI
5558,RPAI$A
5559,RPM
5560,RPT
5561,RPT$D
5562,RQI
5563,RRC
5564,RRMS
5565,RRTS
5566,RS
5567,RSE
5568,RSG
5569,RSH
5570,RSO
5571,RSO$A
5572,RSO$B
5573,RSO$C
5574,RSPP
5575,RST
5576,RT
5577,RTEC
5578,RTI
5579,RTN
5580,RUBI
5581,RUK
5582,RVT
5583,RWT
5584,RXN
5585,RY
5586,RYAM
5587,RYI
5588,RYL
5589,RYN
5590,RZA
5591,S
5592,SA
5593,SAH
5594,SAIC
5595,SALT
5596,SAM
5597,SAN
5598,SAN$A
5599,SAN$B
5600,SAN$C
5601,SAN$I
5602,SAP
5603,SAQ
5604,SAR
5605,SB
5606,SB$B
5607,SB$C
5608,SB$D
5609,SBGL
5610,SBH
5611,SBNA
5612,SBNB
5613,SBR
5614,SBS
5615,SBW
5616,SBY
5617,SC
5618,SCCO
5619,SCD
5620,SCE$F
5621,SCE$G
5622,SCE$H
5623,SCG
5624,SCHW
5625,SCHW$B
5626,SCI
5627,SCL
5628,SCM
5629,SCQ
5630,SCS
5631,SCU
5632,SCX
5633,SD
5634,SDLP
5635,SDR
5636,SDRL
5637,SDT
5638,SE
5639,SEAS
5640,SEE
5641,SEM
5642,SEMG
5643,SEP
5644,SERV
5645,SF
5646,SFB
5647,SFE
5648,SFG
5649,SFL
5650,SFN
5651,SFS
5652,SFUN
5653,SFY
5654,SGF
5655,SGL
5656,SGM
5657,SGU
5658,SGY
5659,SGZA
5660,SHG
5661,SHI
5662,SHLX
5663,SHO
5664,SHO$D
5665,SHW
5666,SID
5667,SIG
5668,SIR
5669,SIX
5670,SJI
5671,SJM
5672,SJR
5673,SJT
5674,SJW
5675,SKH
5676,SKM
5677,SKT
5678,SKX
5679,SLB
5680,SLCA
5681,SLF
5682,SLG
5683,SLG$I
5684,SLH
5685,SLRA
5686,SLTB
5687,SLW
5688,SM
5689,SMFG
5690,SMG
5691,SMI
5692,SMLP
5693,SMM
5694,SMP
5695,SN
5696,SNA
5697,SNE
5698,SNH
5699,SNHN
5700,SNI
5701,SNN
5702,SNOW
5703,SNP
5704,SNR
5705,SNV
5706,SNV$C
5707,SNX
5708,SNY
5709,SO
5710,SOL
5711,SON
5712,SOR
5713,SOV$C
5714,SPA
5715,SPB
5716,SPE
5717,SPF
5718,SPG
5719,SPG$J
5720,SPH
5721,SPLP
5722,SPN
5723,SPR
5724,SPW
5725,SPXX
5726,SQM
5727,SQNS
5728,SR
5729,SRC
5730,SRE
5731,SRF
5732,SRI
5733,SRLP
5734,SRT
5735,SRV
5736,SSD
5737,SSE
5738,SSI
5739,SSL
5740,SSLT
5741,SSNI
5742,SSP
5743,SSS
5744,SSTK
5745,SSW
5746,SSW$C
5747,SSW$D
5748,SSW$E
5749,SSWN
5750,ST
5751,STAG
5752,STAG$A
5753,STAG$B
5754,STAR
5755,STAR$D
5756,STAR$E
5757,STAR$F
5758,STAR$G
5759,STAR$I
5760,STAY
5761,STC
5762,STE
5763,STI
5764,STI$A
5765,STI$E
5766,STI.A
5767,STI.B
5768,STJ
5769,STK
5770,STL
5771,STM
5772,STN
5773,STNG
5774,STO
5775,STON
5776,STOR
5777,STR
5778,STRI
5779,STT
5780,STT$C
5781,STT$D
5782,STT$E
5783,STV
5784,STWD
5785,STZ
5786,STZ.B
5787,SU
5788,SUI
5789,SUI$A
5790,SUN
5791,SUNE
5792,SUP
5793,SVM
5794,SVU
5795,SWAY
5796,SWC
5797,SWFT
5798,SWH
5799,SWI
5800,SWJ
5801,SWK
5802,SWM
5803,SWN
5804,SWU
5805,SWX
5806,SWY
5807,SWZ
5808,SXC
5809,SXCP
5810,SXE
5811,SXI
5812,SXL
5813,SXT
5814,SYA
5815,SYF
5816,SYK
5817,SYT
5818,SYX
5819,SYY
5820,SZC
5821,T
5822,TA
5823,TAC
5824,TAHO
5825,TAI
5826,TAL
5827,TANN
5828,TANO
5829,TAOM
5830,TAP
5831,TAP.A
5832,TARO
5833,TBI
5834,TC
5835,TCAP
5836,TCB
5837,TCB$B
5838,TCB$C
5839,TCB.W
5840,TCC
5841,TCCA
5842,TCI
5843,TCK
5844,TCO
5845,TCO$J
5846,TCO$K
5847,TCP
5848,TCPI
5849,TCRX
5850,TCS
5851,TD
5852,TDA
5853,TDC
5854,TDE
5855,TDF
5856,TDG
5857,TDI
5858,TDJ
5859,TDS
5860,TDW
5861,TDY
5862,TE
5863,TEF
5864,TEG
5865,TEI
5866,TEL
5867,TEN
5868,TEO
5869,TEP
5870,TER
5871,TEU
5872,TEU$C
5873,TEVA
5874,TEX
5875,TFG
5876,TFX
5877,TG
5878,TGH
5879,TGI
5880,TGP
5881,TGS
5882,TGT
5883,THC
5884,THG
5885,THGA
5886,THO
5887,THQ
5888,THR
5889,THS
5890,TI
5891,TI.A
5892,TIF
5893,TIME
5894,TISI
5895,TJX
5896,TK
5897,TKC
5898,TKF
5899,TKR
5900,TLI
5901,TLK
5902,TLLP
5903,TLM
5904,TLP
5905,TLYS
5906,TM
5907,TMH
5908,TMHC
5909,TMK
5910,TMK$B
5911,TMO
5912,TMST
5913,TMUS
5914,TMUS$A
5915,TNC
5916,TNET
5917,TNH
5918,TNK
5919,TNP
5920,TNP$B
5921,TNP$C
5922,TOL
5923,TOO
5924,TOO$A
5925,TOT
5926,TOWR
5927,TPC
5928,TPH
5929,TPL
5930,TPRE
5931,TPUB
5932,TPVG
5933,TPX
5934,TPZ
5935,TR
5936,TRC
5937,TRCO
5938,TREC
5939,TREX
5940,TRF
5941,TRGP
5942,TRI
5943,TRK
5944,TRLA
5945,TRMR
5946,TRN
5947,TRNO
5948,TRNO$A
5949,TROX
5950,TRP
5951,TRQ
5952,TRR
5953,TRUP
5954,TRV
5955,TRW
5956,TS
5957,TSE
5958,TSI
5959,TSL
5960,TSLF
5961,TSLX
5962,TSM
5963,TSN
5964,TSNU
5965,TSO
5966,TSQ
5967,TSS
5968,TSU
5969,TTC
5970,TTF
5971,TTI
5972,TTM
5973,TTP
5974,TU
5975,TUMI
5976,TUP
5977,TV
5978,TVC
5979,TVE
5980,TVPT
5981,TW
5982,TWC
5983,TWI
5984,TWN
5985,TWO
5986,TWTR
5987,TWX
5988,TX
5989,TXT
5990,TXTR
5991,TY
5992,TY$
5993,TYC
5994,TYG
5995,TYG$B
5996,TYG$C
5997,TYL
5998,TZF
5999,UA
6000,UAL
6001,UAM
6002,UAN
6003,UBA
6004,UBP
6005,UBP$F
6006,UBP$G
6007,UBS
6008,UBS$D
6009,UCP
6010,UDR
6011,UE.V
6012,UFI
6013,UFS
6014,UGI
6015,UGP
6016,UHS
6017,UHT
6018,UIL
6019,UIS
6020,UL
6021,UMC
6022,UMH
6023,UMH$A
6024,UN
6025,UNF
6026,UNH
6027,UNM
6028,UNP
6029,UNT
6030,UPL
6031,UPS
6032,URI
6033,USA
6034,USAC
6035,USB
6036,USB$A
6037,USB$H
6038,USB$M
6039,USB$N
6040,USB$O
6041,USDP
6042,USG
6043,USM
6044,USNA
6045,USPH
6046,UTF
6047,UTI
6048,UTL
6049,UTX
6050,UTX$A
6051,UVE
6052,UVV
6053,UZA
6054,UZB
6055,V
6056,VAC
6057,VAL
6058,VALE
6059,VALE.P
6060,VAR
6061,VBF
6062,VC
6063,VCO
6064,VCRA
6065,VCV
6066,VEC
6067,VEEV
6068,VET
6069,VFC
6070,VG
6071,VGI
6072,VGM
6073,VGR
6074,VHI
6075,VIPS
6076,VIV
6077,VJET
6078,VKQ
6079,VLO
6080,VLP
6081,VLRS
6082,VLT
6083,VLY
6084,VLY.W
6085,VMC
6086,VMEM
6087,VMI
6088,VMO
6089,VMW
6090,VNCE
6091,VNO
6092,VNO$G
6093,VNO$I
6094,VNO$J
6095,VNO$K
6096,VNO$L
6097,VNO.V
6098,VNTV
6099,VOC
6100,VOYA
6101,VPG
6102,VPV
6103,VR
6104,VRS
6105,VRTV
6106,VRX
6107,VSH
6108,VSI
6109,VSLR
6110,VTA
6111,VTN
6112,VTR
6113,VTRB
6114,VTTI
6115,VVC
6116,VVI
6117,VVR
6118,VZ
6119,VZA
6120,W
6121,WAB
6122,WAC
6123,WAGE
6124,WAIR
6125,WAL
6126,WAT
6127,WBAI
6128,WBC
6129,WBK
6130,WBS
6131,WBS$E
6132,WBS.W
6133,WCC
6134,WCG
6135,WCIC
6136,WCN
6137,WD
6138,WDAY
6139,WDR
6140,WEA
6141,WEC
6142,WES
6143,WEX
6144,WF
6145,WFC
6146,WFC$J
6147,WFC$L
6148,WFC$N
6149,WFC$O
6150,WFC$P
6151,WFC$Q
6152,WFC$R
6153,WFC$T
6154,WFC.W
6155,WFE$A
6156,WFT
6157,WG
6158,WGL
6159,WGO
6160,WGP
6161,WHG
6162,WHR
6163,WHX
6164,WHZ
6165,WIA
6166,WIT
6167,WIW
6168,WK
6169,WLH
6170,WLK
6171,WLKP
6172,WLL
6173,WLT
6174,WM
6175,WMB
6176,WMC
6177,WMK
6178,WMLP
6179,WMS
6180,WMT
6181,WNC
6182,WNR
6183,WNRL
6184,WNS
6185,WOR
6186,WPC
6187,WPG
6188,WPP
6189,WPT
6190,WPX
6191,WPZ
6192,WR
6193,WRB
6194,WRB$B
6195,WRE
6196,WRI
6197,WRI$F
6198,WRT
6199,WSH
6200,WSM
6201,WSO
6202,WSO.B
6203,WSR
6204,WST
6205,WTI
6206,WTM
6207,WTR
6208,WTS
6209,WTW
6210,WU
6211,WUBA
6212,WWAV
6213,WWE
6214,WWW
6215,WX
6216,WY
6217,WY$A
6218,WYN
6219,X
6220,XCO
6221,XEC
6222,XEL
6223,XIN
6224,XKE
6225,XL
6226,XLS
6227,XNY
6228,XOM
6229,XON
6230,XOXO
6231,XPO
6232,XRM
6233,XRS
6234,XRX
6235,XUE
6236,XYL
6237,Y
6238,YDKN
6239,YELP
6240,YGE
6241,YOKU
6242,YPF
6243,YUM
6244,YUME
6245,YZC
6246,ZA
6247,ZAYO
6248,ZB$A
6249,ZB$F
6250,ZB$G
6251,ZB$H
6252,ZBK
6253,ZEN
6254,ZEP
6255,ZF
6256,ZFC
6257,ZMH
6258,ZNH
6259,ZOES
6260,ZPIN
6261,ZQK
6262,ZTR
6263,ZTS
6264,ZX
